"FullName","CreationTime","LastWriteTime"
"C:\Users\jep_edmundrulz\litigation-360-workspace\litigation-360-software\%REPORTDIR%","19/6/2026 5:19:13 PM","19/6/2026 5:19:13 PM"
"C:\Users\jep_edmundrulz\litigation-360-workspace\litigation-360-software\android-app","9/6/2026 3:33:25 PM","9/6/2026 3:33:25 PM"
"C:\Users\jep_edmundrulz\litigation-360-workspace\litigation-360-software\windows-app","9/6/2026 3:33:19 PM","9/6/2026 3:33:19 PM"
"C:\Users\jep_edmundrulz\litigation-360-workspace\litigation-360-software\archive\legacy-root-files","20/6/2026 7:38:40 AM","20/6/2026 7:38:40 AM"
"C:\Users\jep_edmundrulz\litigation-360-workspace\litigation-360-software\backend\backups","14/6/2026 5:20:59 PM","14/6/2026 5:20:59 PM"
"C:\Users\jep_edmundrulz\litigation-360-workspace\litigation-360-software\backend\database","13/6/2026 10:58:54 PM","14/6/2026 7:43:59 AM"
"C:\Users\jep_edmundrulz\litigation-360-workspace\litigation-360-software\backend\scripts","14/6/2026 5:55:45 PM","14/6/2026 5:55:45 PM"
"C:\Users\jep_edmundrulz\litigation-360-workspace\litigation-360-software\backend\enterprise\testing","18/6/2026 8:26:19 AM","18/6/2026 8:26:19 AM"
"C:\Users\jep_edmundrulz\litigation-360-workspace\litigation-360-software\backend\enterprise\docs\02-event-catalog","18/6/2026 9:54:41 AM","18/6/2026 9:54:41 AM"
"C:\Users\jep_edmundrulz\litigation-360-workspace\litigation-360-software\backend\enterprise\docs\03-shared-services","18/6/2026 9:54:41 AM","18/6/2026 9:54:41 AM"
"C:\Users\jep_edmundrulz\litigation-360-workspace\litigation-360-software\backend\enterprise\docs\04-notification-hub","18/6/2026 9:54:41 AM","18/6/2026 9:54:41 AM"
"C:\Users\jep_edmundrulz\litigation-360-workspace\litigation-360-software\backend\enterprise\docs\05-monitoring","18/6/2026 9:54:41 AM","18/6/2026 9:54:41 AM"
"C:\Users\jep_edmundrulz\litigation-360-workspace\litigation-360-software\backend\enterprise\docs\06-reliability","18/6/2026 9:54:41 AM","18/6/2026 9:54:41 AM"
"C:\Users\jep_edmundrulz\litigation-360-workspace\litigation-360-software\backend\enterprise\docs\07-audit","18/6/2026 9:54:41 AM","18/6/2026 9:54:41 AM"
"C:\Users\jep_edmundrulz\litigation-360-workspace\litigation-360-software\backend\enterprise\hardening\reports","18/6/2026 1:41:05 PM","18/6/2026 1:41:05 PM"
"C:\Users\jep_edmundrulz\litigation-360-workspace\litigation-360-software\backend\logs\audit","18/6/2026 8:26:19 AM","18/6/2026 8:26:19 AM"
"C:\Users\jep_edmundrulz\litigation-360-workspace\litigation-360-software\backend\logs\automation","18/6/2026 8:26:19 AM","18/6/2026 8:26:19 AM"
"C:\Users\jep_edmundrulz\litigation-360-workspace\litigation-360-software\backend\logs\errors","18/6/2026 8:26:19 AM","18/6/2026 8:26:19 AM"
"C:\Users\jep_edmundrulz\litigation-360-workspace\litigation-360-software\backend\logs\health","18/6/2026 8:26:19 AM","18/6/2026 8:26:19 AM"
"C:\Users\jep_edmundrulz\litigation-360-workspace\litigation-360-software\backend\src\config","14/6/2026 5:55:45 PM","14/6/2026 5:55:45 PM"
"C:\Users\jep_edmundrulz\litigation-360-workspace\litigation-360-software\backend\src\prompts","14/6/2026 5:55:45 PM","14/6/2026 5:55:45 PM"
"C:\Users\jep_edmundrulz\litigation-360-workspace\litigation-360-software\backup\pre-ai-prompts-20261406-175545","14/6/2026 5:55:45 PM","14/6/2026 5:55:45 PM"
"C:\Users\jep_edmundrulz\litigation-360-workspace\litigation-360-software\backup\pre-ai-prompts-20261406-175624","14/6/2026 5:56:24 PM","14/6/2026 5:56:24 PM"
"C:\Users\jep_edmundrulz\litigation-360-workspace\litigation-360-software\backup\rbac-approved-20261406-180840","14/6/2026 6:08:40 PM","14/6/2026 6:08:40 PM"
"C:\Users\jep_edmundrulz\litigation-360-workspace\litigation-360-software\data\document-intake\01_INBOX_NEW_DOCUMENTS","18/6/2026 9:29:56 AM","18/6/2026 9:29:56 AM"
"C:\Users\jep_edmundrulz\litigation-360-workspace\litigation-360-software\data\document-intake\02_PENDING_CLASSIFICATION","18/6/2026 9:29:56 AM","18/6/2026 9:29:56 AM"
"C:\Users\jep_edmundrulz\litigation-360-workspace\litigation-360-software\data\document-intake\03_PENDING_CLIENT_MATCH","18/6/2026 9:29:56 AM","18/6/2026 9:29:56 AM"
"C:\Users\jep_edmundrulz\litigation-360-workspace\litigation-360-software\data\document-intake\04_PENDING_MATTER_MATCH","18/6/2026 9:29:56 AM","18/6/2026 9:29:56 AM"
"C:\Users\jep_edmundrulz\litigation-360-workspace\litigation-360-software\data\document-intake\05_PENDING_HUMAN_REVIEW","18/6/2026 9:29:56 AM","18/6/2026 9:29:56 AM"
"C:\Users\jep_edmundrulz\litigation-360-workspace\litigation-360-software\data\document-intake\06_APPROVED_FOR_FILING","18/6/2026 9:29:56 AM","18/6/2026 9:29:56 AM"
"C:\Users\jep_edmundrulz\litigation-360-workspace\litigation-360-software\data\document-intake\07_FILED_TO_MATTER","18/6/2026 9:29:56 AM","18/6/2026 9:29:56 AM"
"C:\Users\jep_edmundrulz\litigation-360-workspace\litigation-360-software\data\document-intake\08_REJECTED_OR_UNKNOWN","18/6/2026 9:29:56 AM","18/6/2026 9:29:56 AM"
"C:\Users\jep_edmundrulz\litigation-360-workspace\litigation-360-software\data\document-intake\09_DUPLICATES","18/6/2026 9:29:56 AM","18/6/2026 9:29:56 AM"
"C:\Users\jep_edmundrulz\litigation-360-workspace\litigation-360-software\data\document-intake\10_AUDIT_LOGS","18/6/2026 9:29:56 AM","18/6/2026 9:29:56 AM"
"C:\Users\jep_edmundrulz\litigation-360-workspace\litigation-360-software\docs\commercialisation","20/6/2026 8:22:32 PM","20/6/2026 8:22:32 PM"
"C:\Users\jep_edmundrulz\litigation-360-workspace\litigation-360-software\docs\historical-reconstruction\phase1","20/6/2026 11:11:33 AM","20/6/2026 11:11:33 AM"
"C:\Users\jep_edmundrulz\litigation-360-workspace\litigation-360-software\docs\historical-reconstruction\phase2","20/6/2026 11:11:33 AM","20/6/2026 11:11:33 AM"
"C:\Users\jep_edmundrulz\litigation-360-workspace\litigation-360-software\docs\historical-reconstruction\phase3","20/6/2026 11:11:33 AM","20/6/2026 11:11:33 AM"
"C:\Users\jep_edmundrulz\litigation-360-workspace\litigation-360-software\docs\historical-reconstruction\phase4","20/6/2026 11:11:33 AM","20/6/2026 11:11:33 AM"
"C:\Users\jep_edmundrulz\litigation-360-workspace\litigation-360-software\docs\historical-reconstruction\phase5","20/6/2026 11:11:33 AM","20/6/2026 11:11:33 AM"
"C:\Users\jep_edmundrulz\litigation-360-workspace\litigation-360-software\docs\historical-reconstruction\phase6","20/6/2026 11:11:33 AM","20/6/2026 11:11:33 AM"
"C:\Users\jep_edmundrulz\litigation-360-workspace\litigation-360-software\docs\historical-reconstruction\phase7","20/6/2026 11:11:33 AM","20/6/2026 11:11:33 AM"
"C:\Users\jep_edmundrulz\litigation-360-workspace\litigation-360-software\docs\historical-reconstruction\timelines","20/6/2026 11:11:33 AM","20/6/2026 11:11:33 AM"
"C:\Users\jep_edmundrulz\litigation-360-workspace\litigation-360-software\docs\historical-reconstruction\evidence\phase1","20/6/2026 12:57:46 PM","20/6/2026 12:57:46 PM"
"C:\Users\jep_edmundrulz\litigation-360-workspace\litigation-360-software\docs\historical-reconstruction\evidence\phase10","20/6/2026 12:57:46 PM","20/6/2026 12:57:46 PM"
"C:\Users\jep_edmundrulz\litigation-360-workspace\litigation-360-software\docs\historical-reconstruction\evidence\phase2","20/6/2026 12:57:46 PM","20/6/2026 12:57:46 PM"
"C:\Users\jep_edmundrulz\litigation-360-workspace\litigation-360-software\docs\historical-reconstruction\evidence\phase3","20/6/2026 12:57:46 PM","20/6/2026 12:57:46 PM"
"C:\Users\jep_edmundrulz\litigation-360-workspace\litigation-360-software\docs\historical-reconstruction\evidence\phase4","20/6/2026 12:57:46 PM","20/6/2026 12:57:46 PM"
"C:\Users\jep_edmundrulz\litigation-360-workspace\litigation-360-software\docs\historical-reconstruction\evidence\phase5","20/6/2026 12:57:46 PM","20/6/2026 12:57:46 PM"
"C:\Users\jep_edmundrulz\litigation-360-workspace\litigation-360-software\docs\historical-reconstruction\evidence\phase6","20/6/2026 12:57:46 PM","20/6/2026 12:57:46 PM"
"C:\Users\jep_edmundrulz\litigation-360-workspace\litigation-360-software\docs\historical-reconstruction\evidence\phase7","20/6/2026 12:57:46 PM","20/6/2026 12:57:46 PM"
"C:\Users\jep_edmundrulz\litigation-360-workspace\litigation-360-software\docs\historical-reconstruction\evidence\phase8","20/6/2026 12:57:46 PM","20/6/2026 12:57:46 PM"
"C:\Users\jep_edmundrulz\litigation-360-workspace\litigation-360-software\docs\historical-reconstruction\evidence\phase9","20/6/2026 12:57:46 PM","20/6/2026 12:57:46 PM"
"C:\Users\jep_edmundrulz\litigation-360-workspace\litigation-360-software\enterprise\compliance","20/6/2026 11:14:57 AM","20/6/2026 11:14:57 AM"
"C:\Users\jep_edmundrulz\litigation-360-workspace\litigation-360-software\enterprise\deployment","20/6/2026 11:14:57 AM","20/6/2026 11:14:57 AM"
"C:\Users\jep_edmundrulz\litigation-360-workspace\litigation-360-software\enterprise\security","20/6/2026 11:14:57 AM","20/6/2026 11:14:57 AM"
"C:\Users\jep_edmundrulz\litigation-360-workspace\litigation-360-software\enterprise\testing","20/6/2026 11:14:57 AM","20/6/2026 11:14:57 AM"
"C:\Users\jep_edmundrulz\litigation-360-workspace\litigation-360-software\enterprise\audit\Evidence","20/6/2026 1:14:47 PM","20/6/2026 1:14:47 PM"
"C:\Users\jep_edmundrulz\litigation-360-workspace\litigation-360-software\enterprise\audit\ValidationHistory","20/6/2026 1:14:47 PM","20/6/2026 1:14:47 PM"
"C:\Users\jep_edmundrulz\litigation-360-workspace\litigation-360-software\enterprise\dashboards\ExecutiveControlCentre","20/6/2026 1:27:54 PM","20/6/2026 1:27:54 PM"
"C:\Users\jep_edmundrulz\litigation-360-workspace\litigation-360-software\enterprise\dashboards\GovernanceControlCentre","20/6/2026 1:27:54 PM","20/6/2026 1:27:54 PM"
"C:\Users\jep_edmundrulz\litigation-360-workspace\litigation-360-software\enterprise\dashboards\OperationsControlCentre","20/6/2026 1:27:54 PM","20/6/2026 1:27:54 PM"
"C:\Users\jep_edmundrulz\litigation-360-workspace\litigation-360-software\enterprise\governance\Audit","20/6/2026 1:06:08 PM","20/6/2026 1:06:08 PM"
"C:\Users\jep_edmundrulz\litigation-360-workspace\litigation-360-software\enterprise\governance\RACI","20/6/2026 1:06:07 PM","20/6/2026 1:06:07 PM"
"C:\Users\jep_edmundrulz\litigation-360-workspace\litigation-360-software\enterprise\governance\Validation","20/6/2026 1:06:07 PM","20/6/2026 1:06:07 PM"
"C:\Users\jep_edmundrulz\litigation-360-workspace\litigation-360-software\enterprise\knowledge\BusinessKnowledge","20/6/2026 1:27:16 PM","20/6/2026 1:27:16 PM"
"C:\Users\jep_edmundrulz\litigation-360-workspace\litigation-360-software\enterprise\knowledge\LegalKnowledge","20/6/2026 1:27:16 PM","20/6/2026 1:27:16 PM"
"C:\Users\jep_edmundrulz\litigation-360-workspace\litigation-360-software\enterprise\knowledge\OperationsKnowledge","20/6/2026 1:27:16 PM","20/6/2026 1:27:16 PM"
"C:\Users\jep_edmundrulz\litigation-360-workspace\litigation-360-software\enterprise\knowledge\TechnicalKnowledge","20/6/2026 1:27:16 PM","20/6/2026 1:27:16 PM"
"C:\Users\jep_edmundrulz\litigation-360-workspace\litigation-360-software\enterprise\training\Certification","20/6/2026 1:25:14 PM","20/6/2026 1:25:14 PM"
"C:\Users\jep_edmundrulz\litigation-360-workspace\litigation-360-software\enterprise\training\OperationsTraining","20/6/2026 1:25:14 PM","20/6/2026 1:25:14 PM"
"C:\Users\jep_edmundrulz\litigation-360-workspace\litigation-360-software\enterprise\validation\Evidence","20/6/2026 1:11:24 PM","20/6/2026 1:11:24 PM"
"C:\Users\jep_edmundrulz\litigation-360-workspace\litigation-360-software\frontend\node_modules\.vite-temp","9/6/2026 8:49:39 PM","20/6/2026 2:45:48 PM"
"C:\Users\jep_edmundrulz\litigation-360-workspace\litigation-360-software\frontend\src\assistant","18/6/2026 8:26:19 AM","18/6/2026 8:26:19 AM"
"C:\Users\jep_edmundrulz\litigation-360-workspace\litigation-360-software\frontend\src\command-centre","18/6/2026 8:26:19 AM","18/6/2026 8:26:19 AM"
"C:\Users\jep_edmundrulz\litigation-360-workspace\litigation-360-software\frontend\src\components","9/6/2026 9:47:20 PM","9/6/2026 9:47:20 PM"
"C:\Users\jep_edmundrulz\litigation-360-workspace\litigation-360-software\frontend\src\monitoring","18/6/2026 8:26:19 AM","18/6/2026 8:26:19 AM"
"C:\Users\jep_edmundrulz\litigation-360-workspace\litigation-360-software\frontend\src\notifications","18/6/2026 8:26:19 AM","18/6/2026 8:26:19 AM"
"C:\Users\jep_edmundrulz\litigation-360-workspace\litigation-360-software\frontend\src\widgets","18/6/2026 8:26:19 AM","18/6/2026 8:26:19 AM"
"C:\Users\jep_edmundrulz\litigation-360-workspace\litigation-360-software\LITIGATION360_LIVE_DASHBOARD\logs","18/6/2026 7:02:26 PM","18/6/2026 7:02:26 PM"
"C:\Users\jep_edmundrulz\litigation-360-workspace\litigation-360-software\phase-10ZZD-commercialisation-framework\sales","20/6/2026 8:22:32 PM","20/6/2026 8:22:32 PM"
"C:\Users\jep_edmundrulz\litigation-360-workspace\litigation-360-software\PHASE_10A_AI_KNOWLEDGE_LEGAL_INTELLIGENCE\01_AI_KNOWLEDGE_CENTER\Case_Law","18/6/2026 6:48:39 PM","18/6/2026 6:48:39 PM"
"C:\Users\jep_edmundrulz\litigation-360-workspace\litigation-360-software\PHASE_10A_AI_KNOWLEDGE_LEGAL_INTELLIGENCE\01_AI_KNOWLEDGE_CENTER\Internal_Policies","18/6/2026 6:48:39 PM","18/6/2026 6:48:39 PM"
"C:\Users\jep_edmundrulz\litigation-360-workspace\litigation-360-software\PHASE_10A_AI_KNOWLEDGE_LEGAL_INTELLIGENCE\01_AI_KNOWLEDGE_CENTER\Practice_Notes","18/6/2026 6:48:39 PM","18/6/2026 6:48:39 PM"
"C:\Users\jep_edmundrulz\litigation-360-workspace\litigation-360-software\PHASE_10A_AI_KNOWLEDGE_LEGAL_INTELLIGENCE\01_AI_KNOWLEDGE_CENTER\SOPs","18/6/2026 6:48:39 PM","18/6/2026 6:48:39 PM"
"C:\Users\jep_edmundrulz\litigation-360-workspace\litigation-360-software\PHASE_10A_AI_KNOWLEDGE_LEGAL_INTELLIGENCE\02_AI_LEGAL_DRAFTING_ENGINE\Audit_Reports","18/6/2026 6:48:39 PM","18/6/2026 6:48:39 PM"
"C:\Users\jep_edmundrulz\litigation-360-workspace\litigation-360-software\PHASE_10A_AI_KNOWLEDGE_LEGAL_INTELLIGENCE\02_AI_LEGAL_DRAFTING_ENGINE\Draft_Outputs","18/6/2026 6:48:39 PM","18/6/2026 6:48:39 PM"
"C:\Users\jep_edmundrulz\litigation-360-workspace\litigation-360-software\PHASE_10A_AI_KNOWLEDGE_LEGAL_INTELLIGENCE\03_DOCUMENT_LEARNING_ENGINE\Court_Accepted","18/6/2026 6:48:39 PM","18/6/2026 6:48:39 PM"
"C:\Users\jep_edmundrulz\litigation-360-workspace\litigation-360-software\PHASE_10A_AI_KNOWLEDGE_LEGAL_INTELLIGENCE\03_DOCUMENT_LEARNING_ENGINE\Partner_Approved","18/6/2026 6:48:39 PM","18/6/2026 6:48:39 PM"
"C:\Users\jep_edmundrulz\litigation-360-workspace\litigation-360-software\PHASE_10A_AI_KNOWLEDGE_LEGAL_INTELLIGENCE\03_DOCUMENT_LEARNING_ENGINE\Rejected_Do_Not_Learn","18/6/2026 6:48:39 PM","18/6/2026 6:48:39 PM"
"C:\Users\jep_edmundrulz\litigation-360-workspace\litigation-360-software\PHASE_10A_AI_KNOWLEDGE_LEGAL_INTELLIGENCE\03_DOCUMENT_LEARNING_ENGINE\Winning_Documents","18/6/2026 6:48:39 PM","18/6/2026 6:48:39 PM"
"C:\Users\jep_edmundrulz\litigation-360-workspace\litigation-360-software\PHASE_10A_AI_KNOWLEDGE_LEGAL_INTELLIGENCE\04_INTELLIGENT_INBOX\Needs_Review","18/6/2026 6:48:39 PM","18/6/2026 6:48:39 PM"
"C:\Users\jep_edmundrulz\litigation-360-workspace\litigation-360-software\PHASE_10A_AI_KNOWLEDGE_LEGAL_INTELLIGENCE\04_INTELLIGENT_INBOX\Processed","18/6/2026 6:48:39 PM","18/6/2026 6:48:39 PM"
"C:\Users\jep_edmundrulz\litigation-360-workspace\litigation-360-software\PHASE_10A_AI_KNOWLEDGE_LEGAL_INTELLIGENCE\04_INTELLIGENT_INBOX\Raw_Uploads","18/6/2026 6:48:39 PM","18/6/2026 6:48:39 PM"
"C:\Users\jep_edmundrulz\litigation-360-workspace\litigation-360-software\PHASE_10A_AI_KNOWLEDGE_LEGAL_INTELLIGENCE\05_RESEARCH_VAULT\Client_Research","18/6/2026 6:48:39 PM","18/6/2026 6:48:39 PM"
"C:\Users\jep_edmundrulz\litigation-360-workspace\litigation-360-software\PHASE_10A_AI_KNOWLEDGE_LEGAL_INTELLIGENCE\05_RESEARCH_VAULT\Judgments","18/6/2026 6:48:39 PM","18/6/2026 6:48:39 PM"
"C:\Users\jep_edmundrulz\litigation-360-workspace\litigation-360-software\PHASE_10A_AI_KNOWLEDGE_LEGAL_INTELLIGENCE\05_RESEARCH_VAULT\Legal_Research","18/6/2026 6:48:39 PM","18/6/2026 6:48:39 PM"
"C:\Users\jep_edmundrulz\litigation-360-workspace\litigation-360-software\PHASE_10A_AI_KNOWLEDGE_LEGAL_INTELLIGENCE\05_RESEARCH_VAULT\Web_Research","18/6/2026 6:48:39 PM","18/6/2026 6:48:39 PM"
"C:\Users\jep_edmundrulz\litigation-360-workspace\litigation-360-software\PHASE_10A_AI_KNOWLEDGE_LEGAL_INTELLIGENCE\06_DEADLINE_INTELLIGENCE\Deadline_Alerts","18/6/2026 6:48:39 PM","18/6/2026 6:48:39 PM"
"C:\Users\jep_edmundrulz\litigation-360-workspace\litigation-360-software\PHASE_10A_AI_KNOWLEDGE_LEGAL_INTELLIGENCE\06_DEADLINE_INTELLIGENCE\Holiday_Rules","18/6/2026 6:48:39 PM","18/6/2026 6:48:39 PM"
"C:\Users\jep_edmundrulz\litigation-360-workspace\litigation-360-software\PHASE_10A_AI_KNOWLEDGE_LEGAL_INTELLIGENCE\06_DEADLINE_INTELLIGENCE\Registry_Calculators","18/6/2026 6:48:39 PM","18/6/2026 6:48:39 PM"
"C:\Users\jep_edmundrulz\litigation-360-workspace\litigation-360-software\reports\deployment","20/6/2026 7:38:38 AM","20/6/2026 7:38:38 AM"
"C:\Users\jep_edmundrulz\litigation-360-workspace\litigation-360-software\reports\validation","20/6/2026 7:38:38 AM","20/6/2026 7:38:38 AM"
"C:\Users\jep_edmundrulz\litigation-360-workspace\litigation-360-software\scripts\backup","18/6/2026 8:26:19 AM","18/6/2026 8:26:19 AM"
"C:\Users\jep_edmundrulz\litigation-360-workspace\litigation-360-software\scripts\repair","18/6/2026 8:26:19 AM","18/6/2026 8:26:19 AM"
"C:\Users\jep_edmundrulz\litigation-360-workspace\litigation-360-software\scripts\setup","18/6/2026 8:26:19 AM","18/6/2026 8:26:19 AM"
"C:\Users\jep_edmundrulz\litigation-360-workspace\litigation-360-software\snapshots\phase6c-complete\backend\backups","15/6/2026 12:27:48 PM","14/6/2026 5:20:59 PM"
"C:\Users\jep_edmundrulz\litigation-360-workspace\litigation-360-software\snapshots\phase6c-complete\backend\database","15/6/2026 12:27:48 PM","14/6/2026 7:43:59 AM"
"C:\Users\jep_edmundrulz\litigation-360-workspace\litigation-360-software\snapshots\phase6c-complete\backend\scripts","15/6/2026 12:28:26 PM","14/6/2026 5:55:45 PM"
"C:\Users\jep_edmundrulz\litigation-360-workspace\litigation-360-software\snapshots\phase6c-complete\backend\src\config","15/6/2026 12:28:26 PM","14/6/2026 5:55:45 PM"
"C:\Users\jep_edmundrulz\litigation-360-workspace\litigation-360-software\snapshots\phase6c-complete\backend\src\prompts","15/6/2026 12:28:26 PM","14/6/2026 5:55:45 PM"
"C:\Users\jep_edmundrulz\litigation-360-workspace\litigation-360-software\snapshots\phase7b-security-complete\backend\backups","17/6/2026 3:38:15 AM","14/6/2026 5:20:59 PM"
"C:\Users\jep_edmundrulz\litigation-360-workspace\litigation-360-software\snapshots\phase7b-security-complete\backend\database","17/6/2026 3:38:15 AM","14/6/2026 7:43:59 AM"
"C:\Users\jep_edmundrulz\litigation-360-workspace\litigation-360-software\snapshots\phase7b-security-complete\backend\scripts","17/6/2026 3:39:05 AM","14/6/2026 5:55:45 PM"
"C:\Users\jep_edmundrulz\litigation-360-workspace\litigation-360-software\snapshots\phase7b-security-complete\backend\src\config","17/6/2026 3:39:05 AM","14/6/2026 5:55:45 PM"
"C:\Users\jep_edmundrulz\litigation-360-workspace\litigation-360-software\snapshots\phase7b-security-complete\backend\src\prompts","17/6/2026 3:39:05 AM","14/6/2026 5:55:45 PM"
"C:\Users\jep_edmundrulz\litigation-360-workspace\litigation-360-software\snapshots\phase7b-security-complete\frontend\node_modules\.vite-temp","17/6/2026 7:22:07 AM","17/6/2026 3:30:35 AM"
"C:\Users\jep_edmundrulz\litigation-360-workspace\litigation-360-software\snapshots\phase7b-security-complete\frontend\src\components","17/6/2026 7:23:07 AM","9/6/2026 9:47:20 PM"
"C:\Users\jep_edmundrulz\litigation-360-workspace\litigation-360-software\tests\phase-09-5","18/6/2026 9:29:57 AM","18/6/2026 9:29:57 AM"
"C:\Users\jep_edmundrulz\litigation-360-workspace\litigation-360-software\tools\deployment","20/6/2026 7:38:38 AM","20/6/2026 7:38:38 AM"
"C:\Users\jep_edmundrulz\litigation-360-workspace\litigation-360-software\tools\utilities","20/6/2026 7:38:38 AM","20/6/2026 7:38:38 AM"
"C:\Users\jep_edmundrulz\litigation-360-workspace\litigation-360-software\_operations\phase-10A-cleanup-and-handover-v2","18/6/2026 5:41:33 PM","18/6/2026 5:41:33 PM"
"C:\Users\jep_edmundrulz\litigation-360-workspace\litigation-360-software\_operations\enterprise-audit\01-automation-bus","18/6/2026 9:48:30 AM","18/6/2026 9:48:30 AM"
"C:\Users\jep_edmundrulz\litigation-360-workspace\litigation-360-software\_operations\enterprise-audit\02-shared-services","18/6/2026 9:48:30 AM","18/6/2026 9:48:30 AM"
"C:\Users\jep_edmundrulz\litigation-360-workspace\litigation-360-software\_operations\enterprise-audit\03-notifications","18/6/2026 9:48:30 AM","18/6/2026 9:48:30 AM"
"C:\Users\jep_edmundrulz\litigation-360-workspace\litigation-360-software\_operations\enterprise-audit\04-monitoring","18/6/2026 9:48:30 AM","18/6/2026 9:48:30 AM"
"C:\Users\jep_edmundrulz\litigation-360-workspace\litigation-360-software\_operations\enterprise-audit\05-reliability","18/6/2026 9:48:30 AM","18/6/2026 9:48:30 AM"
"C:\Users\jep_edmundrulz\litigation-360-workspace\litigation-360-software\_operations\enterprise-audit\06-document-intelligence","18/6/2026 9:48:30 AM","18/6/2026 9:48:30 AM"
"C:\Users\jep_edmundrulz\litigation-360-workspace\litigation-360-software\_operations\enterprise-audit\07-cleanup-candidates","18/6/2026 9:48:30 AM","18/6/2026 9:48:30 AM"
"C:\Users\jep_edmundrulz\litigation-360-workspace\litigation-360-software\_operations\enterprise-governance\backups","19/6/2026 3:28:38 PM","19/6/2026 3:28:38 PM"
"C:\Users\jep_edmundrulz\litigation-360-workspace\litigation-360-software\_operations\enterprise-governance\logs","19/6/2026 3:28:38 PM","19/6/2026 3:28:38 PM"
"C:\Users\jep_edmundrulz\litigation-360-workspace\litigation-360-software\_operations\phase-09-9-hardening\01-system-audit","18/6/2026 1:30:01 PM","18/6/2026 1:30:01 PM"
"C:\Users\jep_edmundrulz\litigation-360-workspace\litigation-360-software\_operations\phase-09-9-hardening\02-database-checks","18/6/2026 1:30:01 PM","18/6/2026 1:30:01 PM"
"C:\Users\jep_edmundrulz\litigation-360-workspace\litigation-360-software\_operations\phase-09-9-hardening\03-backend-checks","18/6/2026 1:30:01 PM","18/6/2026 1:30:01 PM"
"C:\Users\jep_edmundrulz\litigation-360-workspace\litigation-360-software\_operations\phase-09-9-hardening\04-api-checks","18/6/2026 1:30:01 PM","18/6/2026 1:30:01 PM"
"C:\Users\jep_edmundrulz\litigation-360-workspace\litigation-360-software\_operations\phase-09-9-hardening\05-automation-checks","18/6/2026 1:30:01 PM","18/6/2026 1:30:01 PM"
"C:\Users\jep_edmundrulz\litigation-360-workspace\litigation-360-software\_operations\phase-09-9-hardening\06-recovery","18/6/2026 1:30:01 PM","18/6/2026 1:30:01 PM"
"C:\Users\jep_edmundrulz\litigation-360-workspace\litigation-360-software\_operations\phase-09-9-hardening\07-cleanup-review","18/6/2026 1:30:01 PM","18/6/2026 1:30:01 PM"
"C:\Users\jep_edmundrulz\litigation-360-workspace\litigation-360-software\_operations\phase-09-9-hardening\08-phase10-readiness","18/6/2026 1:30:01 PM","18/6/2026 1:30:01 PM"
"C:\Users\jep_edmundrulz\litigation-360-workspace\litigation-360-software\_operations\phase-09-9-hardening\03-housekeeping\quarantine\backend-root-junk-advanced\count.junk","17/6/2026 4:29:29 PM","17/6/2026 4:29:29 PM"
"C:\Users\jep_edmundrulz\litigation-360-workspace\litigation-360-software\_operations\phase-09-9-hardening\03-housekeeping\quarantine\backend-root-junk-advanced\Date__.toString__.junk","17/6/2026 4:29:29 PM","17/6/2026 4:29:29 PM"
"C:\Users\jep_edmundrulz\litigation-360-workspace\litigation-360-software\_operations\phase-09-9-hardening\03-housekeeping\quarantine\backend-root-junk-advanced\dbPath.junk","17/6/2026 4:29:29 PM","17/6/2026 4:29:29 PM"
"C:\Users\jep_edmundrulz\litigation-360-workspace\litigation-360-software\_operations\phase-09-9-hardening\03-housekeeping\quarantine\backend-root-junk-advanced\new.junk","17/6/2026 4:29:29 PM","17/6/2026 4:29:29 PM"
"C:\Users\jep_edmundrulz\litigation-360-workspace\litigation-360-software\_operations\phase-09-9-hardening\03-housekeeping\quarantine\backend-root-junk-advanced\Row.junk","17/6/2026 4:29:29 PM","17/6/2026 4:29:29 PM"
"C:\Users\jep_edmundrulz\litigation-360-workspace\litigation-360-software\_operations\phase-09-9-hardening\03-housekeeping\quarantine\backend-root-junk-advanced\t.name.junk","17/6/2026 4:29:29 PM","17/6/2026 4:29:29 PM"
"C:\Users\jep_edmundrulz\litigation-360-workspace\litigation-360-software\_operations\phase-09-9-hardening\03-housekeeping\quarantine\backend-root-junk-advanced\t.sql.junk","17/6/2026 4:29:29 PM","17/6/2026 4:29:29 PM"
"C:\Users\jep_edmundrulz\litigation-360-workspace\litigation-360-software\_operations\phase-09-9-hardening\03-housekeeping\quarantine\backend-root-junk-advanced\Tables.junk","17/6/2026 4:29:29 PM","17/6/2026 4:29:29 PM"
"C:\Users\jep_edmundrulz\litigation-360-workspace\litigation-360-software\_operations\phase-09-9-hardening\03-housekeeping\quarantine\backend-root-junk-advanced\_-.junk","17/6/2026 4:29:29 PM","17/6/2026 4:29:29 PM"
"C:\Users\jep_edmundrulz\litigation-360-workspace\litigation-360-software\_operations\phase-09-9-hardening\03-housekeeping\quarantine\backend-root-junk-advanced\_-1.junk","17/6/2026 4:29:29 PM","17/6/2026 4:29:29 PM"
"C:\Users\jep_edmundrulz\litigation-360-workspace\litigation-360-software\_operations\phase-09-9-hardening\03-housekeeping\quarantine\backend-root-junk-advanced\___.junk","17/6/2026 4:29:29 PM","17/6/2026 4:29:29 PM"
"C:\Users\jep_edmundrulz\litigation-360-workspace\litigation-360-software\_operations\phase-09-9-hardening\03-housekeeping\quarantine\backend-root-junk-advanced\____.junk","17/6/2026 4:29:29 PM","17/6/2026 4:29:29 PM"
"C:\Users\jep_edmundrulz\litigation-360-workspace\litigation-360-software\_operations\phase-09-9-hardening\03-housekeeping\quarantine\backend-root-junk-advanced\File.junk\n\n'","17/6/2026 4:29:29 PM","17/6/2026 4:29:29 PM"
"C:\Users\jep_edmundrulz\litigation-360-workspace\litigation-360-software\_operations\phase-09-9-hardening\03-housekeeping\quarantine\backend-root-junk-advanced\Found.junk\n\n'","17/6/2026 4:29:29 PM","17/6/2026 4:29:29 PM"
"C:\Users\jep_edmundrulz\litigation-360-workspace\litigation-360-software\_operations\phase-09-9-hardening\03-housekeeping\quarantine\backend-root-junk-advanced\_.junk\n\n'","17/6/2026 4:29:29 PM","17/6/2026 4:29:29 PM"
"C:\Users\jep_edmundrulz\litigation-360-workspace\litigation-360-software\_operations\phase-09-9-hardening\03-housekeeping\quarantine\backend-root-junk-advanced\_.junk\n```\n\n'","17/6/2026 4:29:29 PM","17/6/2026 4:29:29 PM"
"C:\Users\jep_edmundrulz\litigation-360-workspace\litigation-360-software\_operations\phase-09-9-hardening\03-housekeeping\quarantine\backend-root-junk-advanced\____sql.junk\n'","17/6/2026 4:29:29 PM","17/6/2026 4:29:29 PM"
"C:\Users\jep_edmundrulz\litigation-360-workspace\litigation-360-software\_operations\phase-10A-cleanup-and-handover-v3\quarantine\'No","17/6/2026 4:19:03 PM","17/6/2026 4:19:03 PM"
"C:\Users\jep_edmundrulz\litigation-360-workspace\litigation-360-software\_operations\phase-10A-cleanup-and-handover-v3\quarantine\+","17/6/2026 4:19:02 PM","17/6/2026 4:19:02 PM"
"C:\Users\jep_edmundrulz\litigation-360-workspace\litigation-360-software\_operations\phase-10A-cleanup-and-handover-v3\quarantine\at","17/6/2026 4:22:05 PM","17/6/2026 4:22:05 PM"
"C:\Users\jep_edmundrulz\litigation-360-workspace\litigation-360-software\_operations\phase-10A-cleanup-and-handover-v3\quarantine\count","17/6/2026 4:22:06 PM","17/6/2026 4:22:06 PM"
"C:\Users\jep_edmundrulz\litigation-360-workspace\litigation-360-software\_operations\phase-10A-cleanup-and-handover-v3\quarantine\Date().toString()","17/6/2026 4:19:02 PM","17/6/2026 4:19:02 PM"
"C:\Users\jep_edmundrulz\litigation-360-workspace\litigation-360-software\_operations\phase-10A-cleanup-and-handover-v3\quarantine\dbPath","17/6/2026 4:22:05 PM","17/6/2026 4:22:05 PM"
"C:\Users\jep_edmundrulz\litigation-360-workspace\litigation-360-software\_operations\phase-10A-cleanup-and-handover-v3\quarantine\expected","17/6/2026 4:22:05 PM","17/6/2026 4:22:05 PM"
"C:\Users\jep_edmundrulz\litigation-360-workspace\litigation-360-software\_operations\phase-10A-cleanup-and-handover-v3\quarantine\file","17/6/2026 4:22:05 PM","17/6/2026 4:22:05 PM"
"C:\Users\jep_edmundrulz\litigation-360-workspace\litigation-360-software\_operations\phase-10A-cleanup-and-handover-v3\quarantine\Files","17/6/2026 4:19:03 PM","17/6/2026 4:19:03 PM"
"C:\Users\jep_edmundrulz\litigation-360-workspace\litigation-360-software\_operations\phase-10A-cleanup-and-handover-v3\quarantine\migration","17/6/2026 4:19:03 PM","17/6/2026 4:19:03 PM"
"C:\Users\jep_edmundrulz\litigation-360-workspace\litigation-360-software\_operations\phase-10A-cleanup-and-handover-v3\quarantine\new","17/6/2026 4:19:02 PM","17/6/2026 4:19:02 PM"
"C:\Users\jep_edmundrulz\litigation-360-workspace\litigation-360-software\_operations\phase-10A-cleanup-and-handover-v3\quarantine\No","17/6/2026 4:19:03 PM","17/6/2026 4:19:03 PM"
"C:\Users\jep_edmundrulz\litigation-360-workspace\litigation-360-software\_operations\phase-10A-cleanup-and-handover-v3\quarantine\not","17/6/2026 4:22:05 PM","17/6/2026 4:22:05 PM"
"C:\Users\jep_edmundrulz\litigation-360-workspace\litigation-360-software\_operations\phase-10A-cleanup-and-handover-v3\quarantine\READ","17/6/2026 4:22:05 PM","17/6/2026 4:22:05 PM"
"C:\Users\jep_edmundrulz\litigation-360-workspace\litigation-360-software\_operations\phase-10A-cleanup-and-handover-v3\quarantine\Row","17/6/2026 4:22:06 PM","17/6/2026 4:22:06 PM"
"C:\Users\jep_edmundrulz\litigation-360-workspace\litigation-360-software\_operations\phase-10A-cleanup-and-handover-v3\quarantine\Safety","17/6/2026 4:19:03 PM","17/6/2026 4:19:03 PM"
"C:\Users\jep_edmundrulz\litigation-360-workspace\litigation-360-software\_operations\phase-10A-cleanup-and-handover-v3\quarantine\SQLite","17/6/2026 4:19:03 PM","17/6/2026 4:19:03 PM"
"C:\Users\jep_edmundrulz\litigation-360-workspace\litigation-360-software\_operations\phase-10A-cleanup-and-handover-v3\quarantine\stat.mtime.toString()","17/6/2026 4:22:05 PM","17/6/2026 4:22:05 PM"
"C:\Users\jep_edmundrulz\litigation-360-workspace\litigation-360-software\_operations\phase-10A-cleanup-and-handover-v3\quarantine\stat.size","17/6/2026 4:22:05 PM","17/6/2026 4:22:05 PM"
"C:\Users\jep_edmundrulz\litigation-360-workspace\litigation-360-software\_operations\phase-10A-cleanup-and-handover-v3\quarantine\table.name","17/6/2026 4:22:06 PM","17/6/2026 4:22:06 PM"
"C:\Users\jep_edmundrulz\litigation-360-workspace\litigation-360-software\_operations\phase-10A-cleanup-and-handover-v3\quarantine\table.sql","17/6/2026 4:22:06 PM","17/6/2026 4:22:06 PM"
"C:\Users\jep_edmundrulz\litigation-360-workspace\litigation-360-software\_operations\phase-10A-cleanup-and-handover-v3\quarantine\Tables","17/6/2026 4:22:06 PM","17/6/2026 4:22:06 PM"
"C:\Users\jep_edmundrulz\litigation-360-workspace\litigation-360-software\_operations\phase-10A-cleanup-and-handover-v3\quarantine\Target","17/6/2026 4:22:05 PM","17/6/2026 4:22:05 PM"
"C:\Users\jep_edmundrulz\litigation-360-workspace\litigation-360-software\_operations\phase-10A-cleanup-and-handover-v3\quarantine\bytes\n'","17/6/2026 4:22:05 PM","17/6/2026 4:22:05 PM"
"C:\Users\jep_edmundrulz\litigation-360-workspace\litigation-360-software\_operations\phase-10A-cleanup-and-handover-v3\quarantine\Database\n\n'","17/6/2026 4:22:05 PM","17/6/2026 4:22:05 PM"
"C:\Users\jep_edmundrulz\litigation-360-workspace\litigation-360-software\_operations\phase-10A-cleanup-and-handover-v3\quarantine\ERROR\n\nDatabase","17/6/2026 4:22:05 PM","17/6/2026 4:22:05 PM"
"C:\Users\jep_edmundrulz\litigation-360-workspace\litigation-360-software\_operations\phase-10A-cleanup-and-handover-v3\quarantine\executed\n'","17/6/2026 4:19:03 PM","17/6/2026 4:19:03 PM"
"C:\Users\jep_edmundrulz\litigation-360-workspace\litigation-360-software\_operations\phase-10A-cleanup-and-handover-v3\quarantine\Found\n'","17/6/2026 4:19:03 PM","17/6/2026 4:19:03 PM"
"C:\Users\jep_edmundrulz\litigation-360-workspace\litigation-360-software\_operations\phase-10A-cleanup-and-handover-v3\quarantine\Found\n\n'","17/6/2026 4:19:03 PM","17/6/2026 4:19:03 PM"
"C:\Users\jep_edmundrulz\litigation-360-workspace\litigation-360-software\_operations\phase-10A-cleanup-and-handover-v3\quarantine\Inventory\n\n'","17/6/2026 4:22:05 PM","17/6/2026 4:22:05 PM"
"C:\Users\jep_edmundrulz\litigation-360-workspace\litigation-360-software\_operations\phase-10A-cleanup-and-handover-v3\quarantine\modified\n'","17/6/2026 4:19:03 PM","17/6/2026 4:19:03 PM"
"C:\Users\jep_edmundrulz\litigation-360-workspace\litigation-360-software\_operations\phase-10A-cleanup-and-handover-v3\quarantine\only\n'","17/6/2026 4:19:03 PM","17/6/2026 4:19:03 PM"
"C:\Users\jep_edmundrulz\litigation-360-workspace\litigation-360-software\_operations\phase-10A-cleanup-and-handover-v3\quarantine\path\n'","17/6/2026 4:22:05 PM","17/6/2026 4:22:05 PM"
"C:\Users\jep_edmundrulz\litigation-360-workspace\litigation-360-software\_operations\phase-10A-cleanup-and-handover-v3\quarantine\Status\n\n'","17/6/2026 4:19:03 PM","17/6/2026 4:19:03 PM"
"C:\Users\jep_edmundrulz\litigation-360-workspace\litigation-360-software\_operations\phase-10A-cleanup-and-handover-v3\quarantine\YES\n'","17/6/2026 4:22:05 PM","17/6/2026 4:22:05 PM"
"C:\Users\jep_edmundrulz\litigation-360-workspace\litigation-360-software\_operations\phase-10A-handler-registry\docs","18/6/2026 5:22:55 PM","18/6/2026 5:22:55 PM"
"C:\Users\jep_edmundrulz\litigation-360-workspace\litigation-360-software\_operations\phase-10A-handler-registry\reports","18/6/2026 5:22:55 PM","18/6/2026 5:22:55 PM"
"C:\Users\jep_edmundrulz\litigation-360-workspace\litigation-360-software\_operations\phase-10A-handler-registry\scripts","18/6/2026 5:22:55 PM","18/6/2026 5:22:55 PM"
"C:\Users\jep_edmundrulz\litigation-360-workspace\litigation-360-software\_operations\phase-10A-handler-registry\validation","18/6/2026 5:22:55 PM","18/6/2026 5:22:55 PM"
"C:\Users\jep_edmundrulz\litigation-360-workspace\litigation-360-software\_operations\phase-10M-master-documentation\registers","19/6/2026 5:51:11 PM","19/6/2026 5:51:11 PM"
"C:\Users\jep_edmundrulz\litigation-360-workspace\litigation-360-software\_operations\phase-10P-backup-recovery-disaster-readiness\snapshots","19/6/2026 1:29:44 AM","19/6/2026 1:29:44 AM"
"C:\Users\jep_edmundrulz\litigation-360-workspace\litigation-360-software\_operations\phase-10S-frontend-dashboard-v2-fix\logs","19/6/2026 9:55:44 AM","19/6/2026 9:55:44 AM"
"C:\Users\jep_edmundrulz\litigation-360-workspace\litigation-360-software\_operations\phase-10S-frontend-operations-dashboard\backups","19/6/2026 9:34:57 AM","19/6/2026 9:34:57 AM"
"C:\Users\jep_edmundrulz\litigation-360-workspace\litigation-360-software\_operations\phase-10S-frontend-operations-dashboard\logs","19/6/2026 9:34:57 AM","19/6/2026 9:34:57 AM"
"C:\Users\jep_edmundrulz\litigation-360-workspace\litigation-360-software\_operations\phase-10S-frontend-operations-dashboard\reports","19/6/2026 9:34:57 AM","19/6/2026 9:34:57 AM"
"C:\Users\jep_edmundrulz\litigation-360-workspace\litigation-360-software\_operations\phase-10U-app-wiring-fix\docs","19/6/2026 11:19:42 AM","19/6/2026 11:19:42 AM"
"C:\Users\jep_edmundrulz\litigation-360-workspace\litigation-360-software\_operations\phase-10U-frontend-backend-connectivity-validator\logs","19/6/2026 11:12:41 AM","19/6/2026 11:12:41 AM"
"C:\Users\jep_edmundrulz\litigation-360-workspace\litigation-360-software\_operations\phase-10V-frontend-smoke-test-v2-fix\logs","19/6/2026 11:43:46 AM","19/6/2026 11:43:46 AM"
"C:\Users\jep_edmundrulz\litigation-360-workspace\litigation-360-software\_operations\phase-10V-frontend-smoke-testing\backups","19/6/2026 11:34:11 AM","19/6/2026 11:34:11 AM"
"C:\Users\jep_edmundrulz\litigation-360-workspace\litigation-360-software\_operations\phase-10V-frontend-smoke-testing\logs","19/6/2026 11:34:11 AM","19/6/2026 11:34:11 AM"
"C:\Users\jep_edmundrulz\litigation-360-workspace\litigation-360-software\_operations\phase-10V-frontend-smoke-testing\tests","19/6/2026 11:34:11 AM","19/6/2026 11:34:11 AM"
"C:\Users\jep_edmundrulz\litigation-360-workspace\litigation-360-software\_operations\phase-10W-frontend-build-production-validation\backups","19/6/2026 11:53:43 AM","19/6/2026 11:53:43 AM"
"C:\Users\jep_edmundrulz\litigation-360-workspace\litigation-360-software\_operations\phase-10W-frontend-build-production-validation\logs","19/6/2026 11:53:43 AM","19/6/2026 11:53:43 AM"
"C:\Users\jep_edmundrulz\litigation-360-workspace\litigation-360-software\_operations\phase-10X-gui-replacement\backups\src_20260619_122638\assistant","19/6/2026 12:26:38 PM","19/6/2026 12:26:38 PM"
"C:\Users\jep_edmundrulz\litigation-360-workspace\litigation-360-software\_operations\phase-10X-gui-replacement\backups\src_20260619_122638\command-centre","19/6/2026 12:26:38 PM","19/6/2026 12:26:38 PM"
"C:\Users\jep_edmundrulz\litigation-360-workspace\litigation-360-software\_operations\phase-10X-gui-replacement\backups\src_20260619_122638\components","19/6/2026 12:26:38 PM","19/6/2026 12:26:38 PM"
"C:\Users\jep_edmundrulz\litigation-360-workspace\litigation-360-software\_operations\phase-10X-gui-replacement\backups\src_20260619_122638\monitoring","19/6/2026 12:26:38 PM","19/6/2026 12:26:38 PM"
"C:\Users\jep_edmundrulz\litigation-360-workspace\litigation-360-software\_operations\phase-10X-gui-replacement\backups\src_20260619_122638\notifications","19/6/2026 12:26:38 PM","19/6/2026 12:26:38 PM"
"C:\Users\jep_edmundrulz\litigation-360-workspace\litigation-360-software\_operations\phase-10X-gui-replacement\backups\src_20260619_122638\widgets","19/6/2026 12:26:39 PM","19/6/2026 12:26:39 PM"
"C:\Users\jep_edmundrulz\litigation-360-workspace\litigation-360-software\_operations\phase-10X0-deployment-readiness-baseline-audit\backups","19/6/2026 12:30:04 PM","19/6/2026 12:30:04 PM"
"C:\Users\jep_edmundrulz\litigation-360-workspace\litigation-360-software\_operations\phase-10X0-deployment-readiness-baseline-audit\logs","19/6/2026 12:30:04 PM","19/6/2026 12:30:04 PM"
"C:\Users\jep_edmundrulz\litigation-360-workspace\litigation-360-software\_operations\phase-10X1-deployment-readiness-centre\logs","19/6/2026 1:00:17 PM","19/6/2026 1:00:17 PM"
"C:\Users\jep_edmundrulz\litigation-360-workspace\litigation-360-software\_operations\phase-10X2-environment-validation-engine\logs","19/6/2026 1:19:30 PM","19/6/2026 1:19:30 PM"
"C:\Users\jep_edmundrulz\litigation-360-workspace\litigation-360-software\_operations\phase-10X3-release-validator\logs","19/6/2026 1:28:44 PM","19/6/2026 1:28:44 PM"
"C:\Users\jep_edmundrulz\litigation-360-workspace\litigation-360-software\_operations\phase-10X3A-enterprise-architecture-registry\backups","19/6/2026 2:02:47 PM","19/6/2026 2:02:47 PM"
"C:\Users\jep_edmundrulz\litigation-360-workspace\litigation-360-software\_operations\phase-10X3A-enterprise-architecture-registry\logs","19/6/2026 2:02:47 PM","19/6/2026 2:02:47 PM"
"C:\Users\jep_edmundrulz\litigation-360-workspace\litigation-360-software\_operations\phase-10X4-deployment-scoring-engine\logs","19/6/2026 2:12:52 PM","19/6/2026 2:12:52 PM"
"C:\Users\jep_edmundrulz\litigation-360-workspace\litigation-360-software\_operations\phase-10X5-executive-deployment-dashboard\logs","19/6/2026 2:35:15 PM","19/6/2026 2:35:15 PM"
"C:\Users\jep_edmundrulz\litigation-360-workspace\litigation-360-software\_operations\phase-10X6-deployment-gatekeeper\logs","19/6/2026 3:11:33 PM","19/6/2026 3:11:33 PM"
"C:\Users\jep_edmundrulz\litigation-360-workspace\litigation-360-software\_operations\phase-10Y-gui-stabilisation\backups\src_20260619_123247\assistant","19/6/2026 12:32:47 PM","19/6/2026 12:32:47 PM"
"C:\Users\jep_edmundrulz\litigation-360-workspace\litigation-360-software\_operations\phase-10Y-gui-stabilisation\backups\src_20260619_123247\command-centre","19/6/2026 12:32:47 PM","19/6/2026 12:32:47 PM"
"C:\Users\jep_edmundrulz\litigation-360-workspace\litigation-360-software\_operations\phase-10Y-gui-stabilisation\backups\src_20260619_123247\components","19/6/2026 12:32:47 PM","19/6/2026 12:32:47 PM"
"C:\Users\jep_edmundrulz\litigation-360-workspace\litigation-360-software\_operations\phase-10Y-gui-stabilisation\backups\src_20260619_123247\monitoring","19/6/2026 12:32:47 PM","19/6/2026 12:32:47 PM"
"C:\Users\jep_edmundrulz\litigation-360-workspace\litigation-360-software\_operations\phase-10Y-gui-stabilisation\backups\src_20260619_123247\notifications","19/6/2026 12:32:47 PM","19/6/2026 12:32:47 PM"
"C:\Users\jep_edmundrulz\litigation-360-workspace\litigation-360-software\_operations\phase-10Y-gui-stabilisation\backups\src_20260619_123247\widgets","19/6/2026 12:32:48 PM","19/6/2026 12:32:48 PM"
"C:\Users\jep_edmundrulz\litigation-360-workspace\litigation-360-software\_operations\phase-10Y0-enterprise-master-registry-digital-twin\backups","19/6/2026 3:51:04 PM","19/6/2026 3:51:04 PM"
"C:\Users\jep_edmundrulz\litigation-360-workspace\litigation-360-software\_operations\phase-10Y0-enterprise-master-registry-digital-twin\logs","19/6/2026 3:51:04 PM","19/6/2026 3:51:04 PM"
"C:\Users\jep_edmundrulz\litigation-360-workspace\litigation-360-software\_operations\phase-10Z-final-gate-regression-audit\logs","19/6/2026 5:32:12 PM","19/6/2026 5:32:12 PM"
"C:\Users\jep_edmundrulz\litigation-360-workspace\litigation-360-software\_operations\phase-10Z-final-gate-regression-audit\validation","19/6/2026 5:32:12 PM","19/6/2026 5:32:12 PM"
"C:\Users\jep_edmundrulz\litigation-360-workspace\litigation-360-software\_operations\phase-10Z-gap-repair-10Z2-10Z3\docs","19/6/2026 5:52:22 PM","19/6/2026 5:52:22 PM"
"C:\Users\jep_edmundrulz\litigation-360-workspace\litigation-360-software\_operations\phase-10Z-gap-repair-10Z2-10Z3\logs","19/6/2026 5:52:22 PM","19/6/2026 5:52:22 PM"
"C:\Users\jep_edmundrulz\litigation-360-workspace\litigation-360-software\_operations\phase-10Z0-enterprise-operations-command-centre\logs","19/6/2026 4:16:47 PM","19/6/2026 4:16:47 PM"
"C:\Users\jep_edmundrulz\litigation-360-workspace\litigation-360-software\_operations\phase-10Z1-alert-escalation-centre\logs","19/6/2026 5:02:34 PM","19/6/2026 5:02:34 PM"
"C:\Users\jep_edmundrulz\litigation-360-workspace\litigation-360-software\_operations\phase-10Z2-enterprise-operations-analytics-centre\analytics","19/6/2026 5:04:47 PM","19/6/2026 5:04:47 PM"
"C:\Users\jep_edmundrulz\litigation-360-workspace\litigation-360-software\_operations\phase-10Z2-enterprise-operations-analytics-centre\exports","19/6/2026 5:04:48 PM","19/6/2026 5:04:48 PM"
"C:\Users\jep_edmundrulz\litigation-360-workspace\litigation-360-software\_operations\phase-10Z2-enterprise-operations-analytics-centre\logs","19/6/2026 5:04:48 PM","19/6/2026 5:04:48 PM"
"C:\Users\jep_edmundrulz\litigation-360-workspace\litigation-360-software\_operations\phase-10Z2-enterprise-operations-analytics-centre\metrics","19/6/2026 5:04:47 PM","19/6/2026 5:04:47 PM"
"C:\Users\jep_edmundrulz\litigation-360-workspace\litigation-360-software\_operations\phase-10Z2-enterprise-operations-analytics-centre\snapshots","19/6/2026 5:04:48 PM","19/6/2026 5:04:48 PM"
"C:\Users\jep_edmundrulz\litigation-360-workspace\litigation-360-software\_operations\phase-10Z3-predictive-intelligence-engine\analytics","19/6/2026 5:52:22 PM","19/6/2026 5:52:22 PM"
"C:\Users\jep_edmundrulz\litigation-360-workspace\litigation-360-software\_operations\phase-10Z3-predictive-intelligence-engine\backups","19/6/2026 5:52:22 PM","19/6/2026 5:52:22 PM"
"C:\Users\jep_edmundrulz\litigation-360-workspace\litigation-360-software\_operations\phase-10Z3-predictive-intelligence-engine\court-forecasting","19/6/2026 5:52:22 PM","19/6/2026 5:52:22 PM"
"C:\Users\jep_edmundrulz\litigation-360-workspace\litigation-360-software\_operations\phase-10Z3-predictive-intelligence-engine\deployment-forecasting","19/6/2026 5:52:22 PM","19/6/2026 5:52:22 PM"
"C:\Users\jep_edmundrulz\litigation-360-workspace\litigation-360-software\_operations\phase-10Z3-predictive-intelligence-engine\logs","19/6/2026 5:52:22 PM","19/6/2026 5:52:22 PM"
"C:\Users\jep_edmundrulz\litigation-360-workspace\litigation-360-software\_operations\phase-10Z3-predictive-intelligence-engine\performance-forecasting","19/6/2026 5:52:22 PM","19/6/2026 5:52:22 PM"
"C:\Users\jep_edmundrulz\litigation-360-workspace\litigation-360-software\_operations\phase-10Z3-predictive-intelligence-engine\predictions","19/6/2026 5:52:22 PM","19/6/2026 5:52:22 PM"
"C:\Users\jep_edmundrulz\litigation-360-workspace\litigation-360-software\_operations\phase-10Z3-predictive-intelligence-engine\reports","19/6/2026 5:52:22 PM","19/6/2026 5:52:22 PM"
"C:\Users\jep_edmundrulz\litigation-360-workspace\litigation-360-software\_operations\phase-10Z3-predictive-intelligence-engine\risk-models","19/6/2026 5:52:22 PM","19/6/2026 5:52:22 PM"
"C:\Users\jep_edmundrulz\litigation-360-workspace\litigation-360-software\_operations\phase-10Z3-predictive-intelligence-engine\trend-analysis","19/6/2026 5:52:22 PM","19/6/2026 5:52:22 PM"
"C:\Users\jep_edmundrulz\litigation-360-workspace\litigation-360-software\_operations\phase-10Z3-predictive-intelligence-engine\validation","19/6/2026 5:52:22 PM","19/6/2026 5:52:22 PM"
"C:\Users\jep_edmundrulz\litigation-360-workspace\litigation-360-software\_operations\phase-10Z4-autonomous-operations-supervisor\analytics","19/6/2026 5:18:11 PM","19/6/2026 5:18:11 PM"
"C:\Users\jep_edmundrulz\litigation-360-workspace\litigation-360-software\_operations\phase-10Z4-autonomous-operations-supervisor\automation","19/6/2026 5:18:11 PM","19/6/2026 5:18:11 PM"
"C:\Users\jep_edmundrulz\litigation-360-workspace\litigation-360-software\_operations\phase-10Z4-autonomous-operations-supervisor\court-supervision","19/6/2026 5:18:11 PM","19/6/2026 5:18:11 PM"
"C:\Users\jep_edmundrulz\litigation-360-workspace\litigation-360-software\_operations\phase-10Z4-autonomous-operations-supervisor\deployment-supervision","19/6/2026 5:18:11 PM","19/6/2026 5:18:11 PM"
"C:\Users\jep_edmundrulz\litigation-360-workspace\litigation-360-software\_operations\phase-10Z4-autonomous-operations-supervisor\executive-escalation","19/6/2026 5:18:11 PM","19/6/2026 5:18:11 PM"
"C:\Users\jep_edmundrulz\litigation-360-workspace\litigation-360-software\_operations\phase-10Z4-autonomous-operations-supervisor\logs","19/6/2026 5:18:11 PM","19/6/2026 5:18:11 PM"
"C:\Users\jep_edmundrulz\litigation-360-workspace\litigation-360-software\_operations\phase-10Z4-autonomous-operations-supervisor\recovery","19/6/2026 5:18:11 PM","19/6/2026 5:18:11 PM"
"C:\Users\jep_edmundrulz\litigation-360-workspace\litigation-360-software\_operations\phase-10Z4-autonomous-operations-supervisor\remediation","19/6/2026 5:18:11 PM","19/6/2026 5:18:11 PM"
"C:\Users\jep_edmundrulz\litigation-360-workspace\litigation-360-software\_operations\phase-10Z4-autonomous-operations-supervisor\supervision","19/6/2026 5:18:11 PM","19/6/2026 5:18:11 PM"
"C:\Users\jep_edmundrulz\litigation-360-workspace\litigation-360-software\_operations\phase-10Z4-autonomous-operations-supervisor\watchdogs","19/6/2026 5:18:11 PM","19/6/2026 5:18:11 PM"
"C:\Users\jep_edmundrulz\litigation-360-workspace\litigation-360-software\_operations\phase-10ZE-frontend-wiring\reports","19/6/2026 3:06:19 PM","19/6/2026 3:06:19 PM"
"C:\Users\jep_edmundrulz\litigation-360-workspace\litigation-360-software\_operations\phase-10ZY0-enterprise-discovery-inventory-audit\docs","19/6/2026 6:33:32 PM","19/6/2026 6:33:32 PM"
"C:\Users\jep_edmundrulz\litigation-360-workspace\litigation-360-software\_operations\phase-10ZY0-enterprise-discovery-inventory-audit\inventory","19/6/2026 6:33:32 PM","19/6/2026 6:33:32 PM"
"C:\Users\jep_edmundrulz\litigation-360-workspace\litigation-360-software\_operations\phase-10ZY0-enterprise-discovery-inventory-audit\logs","19/6/2026 6:33:32 PM","19/6/2026 6:33:32 PM"
"C:\Users\jep_edmundrulz\litigation-360-workspace\litigation-360-software\_operations\phase-10ZY0-enterprise-discovery-inventory-audit\validation","19/6/2026 6:33:32 PM","19/6/2026 6:33:32 PM"
"C:\Users\jep_edmundrulz\litigation-360-workspace\litigation-360-software\_operations\phase-10ZY1-enterprise-metadata-extraction-audit\logs","20/6/2026 6:55:53 AM","20/6/2026 6:55:53 AM"
"C:\Users\jep_edmundrulz\litigation-360-workspace\litigation-360-software\_operations\phase-10ZY1-enterprise-metadata-extraction-audit\validation","20/6/2026 6:55:53 AM","20/6/2026 6:55:53 AM"
"C:\Users\jep_edmundrulz\litigation-360-workspace\litigation-360-software\_operations\phase-10ZZ0-enterprise-documentation-governance-audit\logs","20/6/2026 7:47:48 AM","20/6/2026 7:47:48 AM"
"C:\Users\jep_edmundrulz\litigation-360-workspace\litigation-360-software\_operations\phase-10ZZ0-enterprise-documentation-governance-audit\validation","20/6/2026 7:47:48 AM","20/6/2026 7:47:48 AM"
"C:\Users\jep_edmundrulz\litigation-360-workspace\litigation-360-software\_operations\phase-10ZZ1-sop-governance-audit\docs","20/6/2026 11:09:25 AM","20/6/2026 11:09:25 AM"
"C:\Users\jep_edmundrulz\litigation-360-workspace\litigation-360-software\_operations\phase-10ZZ1-sop-governance-audit\logs","20/6/2026 11:09:25 AM","20/6/2026 11:09:25 AM"
"C:\Users\jep_edmundrulz\litigation-360-workspace\litigation-360-software\_operations\phase-10ZZ1-sop-governance-audit\validation","20/6/2026 11:09:25 AM","20/6/2026 11:09:25 AM"
"C:\Users\jep_edmundrulz\litigation-360-workspace\litigation-360-software\_operations\phase-10ZZ7-training-succession-ip\approval-protocols","20/6/2026 2:07:54 PM","20/6/2026 2:07:54 PM"
"C:\Users\jep_edmundrulz\litigation-360-workspace\litigation-360-software\_operations\phase-10ZZ7-training-succession-ip\ip-protection","20/6/2026 2:07:54 PM","20/6/2026 2:07:54 PM"
"C:\Users\jep_edmundrulz\litigation-360-workspace\litigation-360-software\_operations\phase-10ZZ7-training-succession-ip\owner-control","20/6/2026 2:07:54 PM","20/6/2026 2:07:54 PM"
"C:\Users\jep_edmundrulz\litigation-360-workspace\litigation-360-software\_operations\phase-10ZZ7-training-succession-ip\reports","20/6/2026 2:07:54 PM","20/6/2026 2:07:54 PM"
"C:\Users\jep_edmundrulz\litigation-360-workspace\litigation-360-software\_operations\phase-10ZZ7-training-succession-ip\succession","20/6/2026 2:07:54 PM","20/6/2026 2:07:54 PM"
"C:\Users\jep_edmundrulz\litigation-360-workspace\litigation-360-software\_operations\phase-10ZZ7-training-succession-ip\training","20/6/2026 2:07:54 PM","20/6/2026 2:07:54 PM"
"C:\Users\jep_edmundrulz\litigation-360-workspace\litigation-360-software\_operations\phase-10ZZ9-safe-change-autopilot\reports","20/6/2026 3:01:53 PM","20/6/2026 3:01:53 PM"
"C:\Users\jep_edmundrulz\litigation-360-workspace\litigation-360-software\_operations\phase-10ZZA1-enterprise-verification-sweep\01-inventory","20/6/2026 3:28:38 PM","20/6/2026 3:28:38 PM"
"C:\Users\jep_edmundrulz\litigation-360-workspace\litigation-360-software\_operations\phase-10ZZA1-enterprise-verification-sweep\02-verification-reports","20/6/2026 3:28:38 PM","20/6/2026 3:28:38 PM"
"C:\Users\jep_edmundrulz\litigation-360-workspace\litigation-360-software\_operations\phase-10ZZA1-enterprise-verification-sweep\03-script-audit","20/6/2026 3:28:38 PM","20/6/2026 3:28:38 PM"
"C:\Users\jep_edmundrulz\litigation-360-workspace\litigation-360-software\_operations\phase-10ZZA1-enterprise-verification-sweep\04-document-audit","20/6/2026 3:28:38 PM","20/6/2026 3:28:38 PM"
"C:\Users\jep_edmundrulz\litigation-360-workspace\litigation-360-software\_operations\phase-10ZZA1-enterprise-verification-sweep\05-folder-audit","20/6/2026 3:28:38 PM","20/6/2026 3:28:38 PM"
"C:\Users\jep_edmundrulz\litigation-360-workspace\litigation-360-software\_operations\phase-10ZZA1-enterprise-verification-sweep\06-risk-findings","20/6/2026 3:28:38 PM","20/6/2026 3:28:38 PM"
"C:\Users\jep_edmundrulz\litigation-360-workspace\litigation-360-software\_operations\phase-10ZZA3-enterprise-automation-assurance\04-script-validation","20/6/2026 4:33:42 PM","20/6/2026 4:33:42 PM"
"C:\Users\jep_edmundrulz\litigation-360-workspace\litigation-360-software\_operations\phase-10ZZA3-enterprise-automation-assurance\05-document-validation","20/6/2026 4:33:42 PM","20/6/2026 4:33:42 PM"
"C:\Users\jep_edmundrulz\litigation-360-workspace\litigation-360-software\_operations\phase-10ZZA3-enterprise-automation-assurance\06-operational-scorecards","20/6/2026 4:33:42 PM","20/6/2026 4:33:42 PM"
"C:\Users\jep_edmundrulz\litigation-360-workspace\litigation-360-software\_operations\phase-10ZZA3-enterprise-automation-assurance\07-executive-reporting","20/6/2026 4:33:42 PM","20/6/2026 4:33:42 PM"
"C:\Users\jep_edmundrulz\litigation-360-workspace\litigation-360-software\_operations\phase-10ZZB-business-continuity\succession-emergency","20/6/2026 5:35:26 PM","20/6/2026 7:55:19 PM"
"C:\Users\jep_edmundrulz\litigation-360-workspace\litigation-360-software\_operations\phase-10ZZC-family-succession-framework\family-governance","20/6/2026 7:45:49 PM","20/6/2026 7:45:49 PM"
"C:\Users\jep_edmundrulz\litigation-360-workspace\litigation-360-software\_operations\phase-11-0-autonomous-legal-enterprise-ecosystem-foundation\agents","19/6/2026 5:25:39 PM","19/6/2026 5:25:39 PM"
"C:\Users\jep_edmundrulz\litigation-360-workspace\litigation-360-software\_operations\phase-11-0-autonomous-legal-enterprise-ecosystem-foundation\court-intelligence","19/6/2026 5:25:39 PM","19/6/2026 5:25:39 PM"
"C:\Users\jep_edmundrulz\litigation-360-workspace\litigation-360-software\_operations\phase-11-0-autonomous-legal-enterprise-ecosystem-foundation\ecosystem","19/6/2026 5:25:39 PM","19/6/2026 5:25:39 PM"
"C:\Users\jep_edmundrulz\litigation-360-workspace\litigation-360-software\_operations\phase-11-0-autonomous-legal-enterprise-ecosystem-foundation\governance","19/6/2026 5:25:39 PM","19/6/2026 5:25:39 PM"
"C:\Users\jep_edmundrulz\litigation-360-workspace\litigation-360-software\_operations\phase-11-0-autonomous-legal-enterprise-ecosystem-foundation\industrial-court","19/6/2026 5:25:39 PM","19/6/2026 5:25:39 PM"
"C:\Users\jep_edmundrulz\litigation-360-workspace\litigation-360-software\_operations\phase-11-0-autonomous-legal-enterprise-ecosystem-foundation\legal-intelligence","19/6/2026 5:25:39 PM","19/6/2026 5:25:39 PM"
"C:\Users\jep_edmundrulz\litigation-360-workspace\litigation-360-software\_operations\phase-11-0-autonomous-legal-enterprise-ecosystem-foundation\logs","19/6/2026 5:25:39 PM","19/6/2026 5:25:39 PM"
"C:\Users\jep_edmundrulz\litigation-360-workspace\litigation-360-software\_operations\phase-11-0-autonomous-legal-enterprise-ecosystem-foundation\orchestration","19/6/2026 5:25:39 PM","19/6/2026 5:25:39 PM"
"C:\Users\jep_edmundrulz\litigation-360-workspace\litigation-360-software\_operations\phase-11-0-autonomous-legal-enterprise-ecosystem-foundation\perkeso","19/6/2026 5:25:39 PM","19/6/2026 5:25:39 PM"
