"Name","FullPath","SubfolderCount","FileCount","LastModified"
"enterprise-architecture","C:\Users\jep_edmundrulz\litigation-360-workspace\litigation-360-software\_operations\enterprise-architecture","2","0","19/6/2026 2:02:47 PM"
"enterprise-audit","C:\Users\jep_edmundrulz\litigation-360-workspace\litigation-360-software\_operations\enterprise-audit","7","5","18/6/2026 12:03:02 PM"
"enterprise-governance","C:\Users\jep_edmundrulz\litigation-360-workspace\litigation-360-software\_operations\enterprise-governance","7","0","19/6/2026 3:28:38 PM"
"housekeeping-reports","C:\Users\jep_edmundrulz\litigation-360-workspace\litigation-360-software\_operations\housekeeping-reports","0","16","18/6/2026 9:45:46 AM"
"phase-09-9-hardening","C:\Users\jep_edmundrulz\litigation-360-workspace\litigation-360-software\_operations\phase-09-9-hardening","13","1","18/6/2026 5:00:57 PM"
"phase-10A-cleanup-and-handover","C:\Users\jep_edmundrulz\litigation-360-workspace\litigation-360-software\_operations\phase-10A-cleanup-and-handover","4","0","18/6/2026 5:35:45 PM"
"phase-10A-cleanup-and-handover-v2","C:\Users\jep_edmundrulz\litigation-360-workspace\litigation-360-software\_operations\phase-10A-cleanup-and-handover-v2","0","0","18/6/2026 5:41:33 PM"
"phase-10A-cleanup-and-handover-v3","C:\Users\jep_edmundrulz\litigation-360-workspace\litigation-360-software\_operations\phase-10A-cleanup-and-handover-v3","4","0","18/6/2026 5:45:32 PM"
"phase-10A-handler-registry","C:\Users\jep_edmundrulz\litigation-360-workspace\litigation-360-software\_operations\phase-10A-handler-registry","6","0","18/6/2026 5:27:49 PM"
"phase-10A-handler-registry-finisher","C:\Users\jep_edmundrulz\litigation-360-workspace\litigation-360-software\_operations\phase-10A-handler-registry-finisher","5","0","18/6/2026 6:17:18 PM"
"phase-10B-universal-event-bus","C:\Users\jep_edmundrulz\litigation-360-workspace\litigation-360-software\_operations\phase-10B-universal-event-bus","5","0","18/6/2026 6:51:01 PM"
"phase-10C-notification-framework","C:\Users\jep_edmundrulz\litigation-360-workspace\litigation-360-software\_operations\phase-10C-notification-framework","5","0","18/6/2026 6:59:39 PM"
"phase-10D-workflow-automation-engine","C:\Users\jep_edmundrulz\litigation-360-workspace\litigation-360-software\_operations\phase-10D-workflow-automation-engine","5","0","18/6/2026 7:14:34 PM"
"phase-10E-document-lifecycle-engine","C:\Users\jep_edmundrulz\litigation-360-workspace\litigation-360-software\_operations\phase-10E-document-lifecycle-engine","5","0","18/6/2026 7:36:23 PM"
"phase-10F-court-operations-engine","C:\Users\jep_edmundrulz\litigation-360-workspace\litigation-360-software\_operations\phase-10F-court-operations-engine","5","0","18/6/2026 7:51:14 PM"
"phase-10G-matter-intelligence-engine","C:\Users\jep_edmundrulz\litigation-360-workspace\litigation-360-software\_operations\phase-10G-matter-intelligence-engine","5","0","18/6/2026 8:47:19 PM"
"phase-10H-executive-command-centre","C:\Users\jep_edmundrulz\litigation-360-workspace\litigation-360-software\_operations\phase-10H-executive-command-centre","5","0","18/6/2026 9:06:03 PM"
"phase-10I-legal-operations-assistant-core","C:\Users\jep_edmundrulz\litigation-360-workspace\litigation-360-software\_operations\phase-10I-legal-operations-assistant-core","5","0","18/6/2026 9:14:25 PM"
"phase-10J-predictive-litigation-analytics","C:\Users\jep_edmundrulz\litigation-360-workspace\litigation-360-software\_operations\phase-10J-predictive-litigation-analytics","5","0","18/6/2026 9:53:57 PM"
"phase-10K-court-navigation-intelligence","C:\Users\jep_edmundrulz\litigation-360-workspace\litigation-360-software\_operations\phase-10K-court-navigation-intelligence","5","0","18/6/2026 10:07:40 PM"
"phase-10K-court-registry-perkeso-industrial-court-patch","C:\Users\jep_edmundrulz\litigation-360-workspace\litigation-360-software\_operations\phase-10K-court-registry-perkeso-industrial-court-patch","5","0","18/6/2026 10:14:21 PM"
"phase-10L-maps-court-registry-fix","C:\Users\jep_edmundrulz\litigation-360-workspace\litigation-360-software\_operations\phase-10L-maps-court-registry-fix","3","1","19/6/2026 12:50:33 AM"
"phase-10L-maps-restore","C:\Users\jep_edmundrulz\litigation-360-workspace\litigation-360-software\_operations\phase-10L-maps-restore","3","1","19/6/2026 12:29:36 AM"
"phase-10M-autonomous-operations-engine","C:\Users\jep_edmundrulz\litigation-360-workspace\litigation-360-software\_operations\phase-10M-autonomous-operations-engine","5","0","18/6/2026 10:48:20 PM"
"phase-10M-master-documentation","C:\Users\jep_edmundrulz\litigation-360-workspace\litigation-360-software\_operations\phase-10M-master-documentation","2","0","19/6/2026 5:51:11 PM"
"phase-10N-enterprise-governance","C:\Users\jep_edmundrulz\litigation-360-workspace\litigation-360-software\_operations\phase-10N-enterprise-governance","5","0","19/6/2026 12:07:44 AM"
"phase-10N-governance","C:\Users\jep_edmundrulz\litigation-360-workspace\litigation-360-software\_operations\phase-10N-governance","3","0","19/6/2026 11:17:45 PM"
"phase-10O-enterprise-hardening","C:\Users\jep_edmundrulz\litigation-360-workspace\litigation-360-software\_operations\phase-10O-enterprise-hardening","5","0","19/6/2026 1:06:59 AM"
"phase-10O-hardening-path-fix","C:\Users\jep_edmundrulz\litigation-360-workspace\litigation-360-software\_operations\phase-10O-hardening-path-fix","3","1","19/6/2026 1:16:50 AM"
"phase-10P-backup-recovery-disaster-readiness","C:\Users\jep_edmundrulz\litigation-360-workspace\litigation-360-software\_operations\phase-10P-backup-recovery-disaster-readiness","7","0","19/6/2026 1:29:45 AM"
"phase-10Q-enterprise-monitoring","C:\Users\jep_edmundrulz\litigation-360-workspace\litigation-360-software\_operations\phase-10Q-enterprise-monitoring","6","0","19/6/2026 7:52:39 AM"
"phase-10R-performance-optimization","C:\Users\jep_edmundrulz\litigation-360-workspace\litigation-360-software\_operations\phase-10R-performance-optimization","6","0","19/6/2026 8:43:36 AM"
"phase-10S-frontend-dashboard-v2-fix","C:\Users\jep_edmundrulz\litigation-360-workspace\litigation-360-software\_operations\phase-10S-frontend-dashboard-v2-fix","5","0","19/6/2026 9:55:44 AM"
"phase-10S-frontend-operations-dashboard","C:\Users\jep_edmundrulz\litigation-360-workspace\litigation-360-software\_operations\phase-10S-frontend-operations-dashboard","5","0","19/6/2026 9:34:57 AM"
"phase-10T-frontend-app-integration","C:\Users\jep_edmundrulz\litigation-360-workspace\litigation-360-software\_operations\phase-10T-frontend-app-integration","5","0","19/6/2026 10:22:22 AM"
"phase-10U-app-wiring-fix","C:\Users\jep_edmundrulz\litigation-360-workspace\litigation-360-software\_operations\phase-10U-app-wiring-fix","4","0","19/6/2026 11:19:42 AM"
"phase-10U-frontend-backend-connectivity-validator","C:\Users\jep_edmundrulz\litigation-360-workspace\litigation-360-software\_operations\phase-10U-frontend-backend-connectivity-validator","5","0","19/6/2026 11:12:41 AM"
"phase-10V-frontend-smoke-test-v2-fix","C:\Users\jep_edmundrulz\litigation-360-workspace\litigation-360-software\_operations\phase-10V-frontend-smoke-test-v2-fix","4","0","19/6/2026 11:43:46 AM"
"phase-10V-frontend-smoke-testing","C:\Users\jep_edmundrulz\litigation-360-workspace\litigation-360-software\_operations\phase-10V-frontend-smoke-testing","6","0","19/6/2026 11:34:11 AM"
"phase-10W-frontend-build-production-validation","C:\Users\jep_edmundrulz\litigation-360-workspace\litigation-360-software\_operations\phase-10W-frontend-build-production-validation","6","0","19/6/2026 11:53:43 AM"
"phase-10X-gui-replacement","C:\Users\jep_edmundrulz\litigation-360-workspace\litigation-360-software\_operations\phase-10X-gui-replacement","2","0","19/6/2026 12:26:38 PM"
"phase-10X0-deployment-readiness-baseline-audit","C:\Users\jep_edmundrulz\litigation-360-workspace\litigation-360-software\_operations\phase-10X0-deployment-readiness-baseline-audit","6","0","19/6/2026 12:30:04 PM"
"phase-10X1-deployment-readiness-centre","C:\Users\jep_edmundrulz\litigation-360-workspace\litigation-360-software\_operations\phase-10X1-deployment-readiness-centre","6","0","19/6/2026 1:00:17 PM"
"phase-10X2-environment-validation-engine","C:\Users\jep_edmundrulz\litigation-360-workspace\litigation-360-software\_operations\phase-10X2-environment-validation-engine","6","0","19/6/2026 1:19:30 PM"
"phase-10X3-release-validator","C:\Users\jep_edmundrulz\litigation-360-workspace\litigation-360-software\_operations\phase-10X3-release-validator","6","0","19/6/2026 1:28:44 PM"
"phase-10X3A-enterprise-architecture-registry","C:\Users\jep_edmundrulz\litigation-360-workspace\litigation-360-software\_operations\phase-10X3A-enterprise-architecture-registry","4","0","19/6/2026 2:02:47 PM"
"phase-10X4-deployment-scoring-engine","C:\Users\jep_edmundrulz\litigation-360-workspace\litigation-360-software\_operations\phase-10X4-deployment-scoring-engine","7","0","19/6/2026 2:12:52 PM"
"phase-10X5-executive-deployment-dashboard","C:\Users\jep_edmundrulz\litigation-360-workspace\litigation-360-software\_operations\phase-10X5-executive-deployment-dashboard","6","0","19/6/2026 2:35:15 PM"
"phase-10X6-deployment-gatekeeper","C:\Users\jep_edmundrulz\litigation-360-workspace\litigation-360-software\_operations\phase-10X6-deployment-gatekeeper","6","0","19/6/2026 3:11:33 PM"
"phase-10Y-gui-stabilisation","C:\Users\jep_edmundrulz\litigation-360-workspace\litigation-360-software\_operations\phase-10Y-gui-stabilisation","4","0","19/6/2026 12:32:47 PM"
"phase-10Y0-enterprise-master-registry-digital-twin","C:\Users\jep_edmundrulz\litigation-360-workspace\litigation-360-software\_operations\phase-10Y0-enterprise-master-registry-digital-twin","10","0","19/6/2026 3:51:04 PM"
"phase-10Z-final-gate-regression-audit","C:\Users\jep_edmundrulz\litigation-360-workspace\litigation-360-software\_operations\phase-10Z-final-gate-regression-audit","4","0","19/6/2026 5:32:12 PM"
"phase-10Z-gap-repair-10Z2-10Z3","C:\Users\jep_edmundrulz\litigation-360-workspace\litigation-360-software\_operations\phase-10Z-gap-repair-10Z2-10Z3","5","0","19/6/2026 5:52:22 PM"
"phase-10Z0-enterprise-operations-command-centre","C:\Users\jep_edmundrulz\litigation-360-workspace\litigation-360-software\_operations\phase-10Z0-enterprise-operations-command-centre","7","0","19/6/2026 4:16:47 PM"
"phase-10Z1-alert-escalation-centre","C:\Users\jep_edmundrulz\litigation-360-workspace\litigation-360-software\_operations\phase-10Z1-alert-escalation-centre","9","1","19/6/2026 5:02:34 PM"
"phase-10Z2-enterprise-operations-analytics-centre","C:\Users\jep_edmundrulz\litigation-360-workspace\litigation-360-software\_operations\phase-10Z2-enterprise-operations-analytics-centre","10","0","19/6/2026 5:04:48 PM"
"phase-10Z3-predictive-intelligence-engine","C:\Users\jep_edmundrulz\litigation-360-workspace\litigation-360-software\_operations\phase-10Z3-predictive-intelligence-engine","13","0","19/6/2026 5:52:22 PM"
"phase-10Z4-autonomous-operations-supervisor","C:\Users\jep_edmundrulz\litigation-360-workspace\litigation-360-software\_operations\phase-10Z4-autonomous-operations-supervisor","15","0","19/6/2026 5:18:11 PM"
"phase-10ZE-frontend-wiring","C:\Users\jep_edmundrulz\litigation-360-workspace\litigation-360-software\_operations\phase-10ZE-frontend-wiring","4","0","19/6/2026 3:45:11 PM"
"phase-10ZF-navigation-module-menu","C:\Users\jep_edmundrulz\litigation-360-workspace\litigation-360-software\_operations\phase-10ZF-navigation-module-menu","2","0","19/6/2026 4:09:18 PM"
"phase-10ZG-dashboard-framework","C:\Users\jep_edmundrulz\litigation-360-workspace\litigation-360-software\_operations\phase-10ZG-dashboard-framework","2","0","19/6/2026 5:05:26 PM"
"phase-10ZY0-enterprise-discovery-inventory-audit","C:\Users\jep_edmundrulz\litigation-360-workspace\litigation-360-software\_operations\phase-10ZY0-enterprise-discovery-inventory-audit","5","0","19/6/2026 6:33:32 PM"
"phase-10ZY1-enterprise-metadata-extraction-audit","C:\Users\jep_edmundrulz\litigation-360-workspace\litigation-360-software\_operations\phase-10ZY1-enterprise-metadata-extraction-audit","5","0","20/6/2026 6:55:53 AM"
"phase-11-0-autonomous-legal-enterprise-ecosystem-foundation","C:\Users\jep_edmundrulz\litigation-360-workspace\litigation-360-software\_operations\phase-11-0-autonomous-legal-enterprise-ecosystem-foundation","14","0","19/6/2026 5:25:39 PM"
"docs","C:\Users\jep_edmundrulz\litigation-360-workspace\litigation-360-software\_operations\enterprise-architecture\docs","0","8","19/6/2026 2:02:48 PM"
"registries","C:\Users\jep_edmundrulz\litigation-360-workspace\litigation-360-software\_operations\enterprise-architecture\registries","0","8","19/6/2026 2:02:48 PM"
"01-automation-bus","C:\Users\jep_edmundrulz\litigation-360-workspace\litigation-360-software\_operations\enterprise-audit\01-automation-bus","0","0","18/6/2026 9:48:30 AM"
"02-shared-services","C:\Users\jep_edmundrulz\litigation-360-workspace\litigation-360-software\_operations\enterprise-audit\02-shared-services","0","0","18/6/2026 9:48:30 AM"
"03-notifications","C:\Users\jep_edmundrulz\litigation-360-workspace\litigation-360-software\_operations\enterprise-audit\03-notifications","0","0","18/6/2026 9:48:30 AM"
"04-monitoring","C:\Users\jep_edmundrulz\litigation-360-workspace\litigation-360-software\_operations\enterprise-audit\04-monitoring","0","0","18/6/2026 9:48:30 AM"
"05-reliability","C:\Users\jep_edmundrulz\litigation-360-workspace\litigation-360-software\_operations\enterprise-audit\05-reliability","0","0","18/6/2026 9:48:30 AM"
"06-document-intelligence","C:\Users\jep_edmundrulz\litigation-360-workspace\litigation-360-software\_operations\enterprise-audit\06-document-intelligence","0","0","18/6/2026 9:48:30 AM"
"07-cleanup-candidates","C:\Users\jep_edmundrulz\litigation-360-workspace\litigation-360-software\_operations\enterprise-audit\07-cleanup-candidates","0","0","18/6/2026 9:48:30 AM"
"backups","C:\Users\jep_edmundrulz\litigation-360-workspace\litigation-360-software\_operations\enterprise-governance\backups","0","0","19/6/2026 3:28:38 PM"
"checklists","C:\Users\jep_edmundrulz\litigation-360-workspace\litigation-360-software\_operations\enterprise-governance\checklists","0","2","19/6/2026 3:28:38 PM"
"docs","C:\Users\jep_edmundrulz\litigation-360-workspace\litigation-360-software\_operations\enterprise-governance\docs","0","11","19/6/2026 3:28:38 PM"
"logs","C:\Users\jep_edmundrulz\litigation-360-workspace\litigation-360-software\_operations\enterprise-governance\logs","0","0","19/6/2026 3:28:38 PM"
"registries","C:\Users\jep_edmundrulz\litigation-360-workspace\litigation-360-software\_operations\enterprise-governance\registries","0","1","19/6/2026 3:28:38 PM"
"reports","C:\Users\jep_edmundrulz\litigation-360-workspace\litigation-360-software\_operations\enterprise-governance\reports","0","2","19/6/2026 3:28:38 PM"
"validation","C:\Users\jep_edmundrulz\litigation-360-workspace\litigation-360-software\_operations\enterprise-governance\validation","0","1","19/6/2026 3:28:38 PM"
"01-system-audit","C:\Users\jep_edmundrulz\litigation-360-workspace\litigation-360-software\_operations\phase-09-9-hardening\01-system-audit","0","0","18/6/2026 1:30:01 PM"
"02-database-checks","C:\Users\jep_edmundrulz\litigation-360-workspace\litigation-360-software\_operations\phase-09-9-hardening\02-database-checks","0","0","18/6/2026 1:30:01 PM"
"02-dependency-scanner","C:\Users\jep_edmundrulz\litigation-360-workspace\litigation-360-software\_operations\phase-09-9-hardening\02-dependency-scanner","0","5","18/6/2026 3:10:00 PM"
"03-backend-checks","C:\Users\jep_edmundrulz\litigation-360-workspace\litigation-360-software\_operations\phase-09-9-hardening\03-backend-checks","0","0","18/6/2026 1:30:01 PM"
"03-housekeeping","C:\Users\jep_edmundrulz\litigation-360-workspace\litigation-360-software\_operations\phase-09-9-hardening\03-housekeeping","1","8","18/6/2026 4:08:32 PM"
"04-api-checks","C:\Users\jep_edmundrulz\litigation-360-workspace\litigation-360-software\_operations\phase-09-9-hardening\04-api-checks","0","0","18/6/2026 1:30:01 PM"
"04-integrity-scanner","C:\Users\jep_edmundrulz\litigation-360-workspace\litigation-360-software\_operations\phase-09-9-hardening\04-integrity-scanner","0","3","18/6/2026 4:41:38 PM"
"05-automation-checks","C:\Users\jep_edmundrulz\litigation-360-workspace\litigation-360-software\_operations\phase-09-9-hardening\05-automation-checks","0","0","18/6/2026 1:30:01 PM"
"05-recovery-center","C:\Users\jep_edmundrulz\litigation-360-workspace\litigation-360-software\_operations\phase-09-9-hardening\05-recovery-center","1","2","18/6/2026 4:55:45 PM"
"06-golden-snapshot","C:\Users\jep_edmundrulz\litigation-360-workspace\litigation-360-software\_operations\phase-09-9-hardening\06-golden-snapshot","3","0","18/6/2026 5:00:58 PM"
"06-recovery","C:\Users\jep_edmundrulz\litigation-360-workspace\litigation-360-software\_operations\phase-09-9-hardening\06-recovery","0","0","18/6/2026 1:30:01 PM"
"07-cleanup-review","C:\Users\jep_edmundrulz\litigation-360-workspace\litigation-360-software\_operations\phase-09-9-hardening\07-cleanup-review","0","0","18/6/2026 1:30:01 PM"
"08-phase10-readiness","C:\Users\jep_edmundrulz\litigation-360-workspace\litigation-360-software\_operations\phase-09-9-hardening\08-phase10-readiness","0","0","18/6/2026 1:30:01 PM"
"quarantine","C:\Users\jep_edmundrulz\litigation-360-workspace\litigation-360-software\_operations\phase-09-9-hardening\03-housekeeping\quarantine","2","3","18/6/2026 4:08:32 PM"
"backend-root-junk","C:\Users\jep_edmundrulz\litigation-360-workspace\litigation-360-software\_operations\phase-09-9-hardening\03-housekeeping\quarantine\backend-root-junk","0","16","18/6/2026 3:50:36 PM"
"backend-root-junk-advanced","C:\Users\jep_edmundrulz\litigation-360-workspace\litigation-360-software\_operations\phase-09-9-hardening\03-housekeeping\quarantine\backend-root-junk-advanced","16","9","18/6/2026 4:13:52 PM"
"count.junk","C:\Users\jep_edmundrulz\litigation-360-workspace\litigation-360-software\_operations\phase-09-9-hardening\03-housekeeping\quarantine\backend-root-junk-advanced\count.junk","0","0","17/6/2026 4:29:29 PM"
"Date__.toString__.junk","C:\Users\jep_edmundrulz\litigation-360-workspace\litigation-360-software\_operations\phase-09-9-hardening\03-housekeeping\quarantine\backend-root-junk-advanced\Date__.toString__.junk","0","0","17/6/2026 4:29:29 PM"
"dbPath.junk","C:\Users\jep_edmundrulz\litigation-360-workspace\litigation-360-software\_operations\phase-09-9-hardening\03-housekeeping\quarantine\backend-root-junk-advanced\dbPath.junk","0","0","17/6/2026 4:29:29 PM"
"File.junk","C:\Users\jep_edmundrulz\litigation-360-workspace\litigation-360-software\_operations\phase-09-9-hardening\03-housekeeping\quarantine\backend-root-junk-advanced\File.junk","1","0","17/6/2026 4:29:29 PM"
"Found.junk","C:\Users\jep_edmundrulz\litigation-360-workspace\litigation-360-software\_operations\phase-09-9-hardening\03-housekeeping\quarantine\backend-root-junk-advanced\Found.junk","1","0","17/6/2026 4:29:29 PM"
"new.junk","C:\Users\jep_edmundrulz\litigation-360-workspace\litigation-360-software\_operations\phase-09-9-hardening\03-housekeeping\quarantine\backend-root-junk-advanced\new.junk","0","0","17/6/2026 4:29:29 PM"
"Row.junk","C:\Users\jep_edmundrulz\litigation-360-workspace\litigation-360-software\_operations\phase-09-9-hardening\03-housekeeping\quarantine\backend-root-junk-advanced\Row.junk","0","0","17/6/2026 4:29:29 PM"
"t.name.junk","C:\Users\jep_edmundrulz\litigation-360-workspace\litigation-360-software\_operations\phase-09-9-hardening\03-housekeeping\quarantine\backend-root-junk-advanced\t.name.junk","0","0","17/6/2026 4:29:29 PM"
"t.sql.junk","C:\Users\jep_edmundrulz\litigation-360-workspace\litigation-360-software\_operations\phase-09-9-hardening\03-housekeeping\quarantine\backend-root-junk-advanced\t.sql.junk","0","0","17/6/2026 4:29:29 PM"
"Tables.junk","C:\Users\jep_edmundrulz\litigation-360-workspace\litigation-360-software\_operations\phase-09-9-hardening\03-housekeeping\quarantine\backend-root-junk-advanced\Tables.junk","0","0","17/6/2026 4:29:29 PM"
"_-.junk","C:\Users\jep_edmundrulz\litigation-360-workspace\litigation-360-software\_operations\phase-09-9-hardening\03-housekeeping\quarantine\backend-root-junk-advanced\_-.junk","0","0","17/6/2026 4:29:29 PM"
"_-1.junk","C:\Users\jep_edmundrulz\litigation-360-workspace\litigation-360-software\_operations\phase-09-9-hardening\03-housekeeping\quarantine\backend-root-junk-advanced\_-1.junk","0","0","17/6/2026 4:29:29 PM"
"_.junk","C:\Users\jep_edmundrulz\litigation-360-workspace\litigation-360-software\_operations\phase-09-9-hardening\03-housekeeping\quarantine\backend-root-junk-advanced\_.junk","2","0","17/6/2026 4:29:29 PM"
"___.junk","C:\Users\jep_edmundrulz\litigation-360-workspace\litigation-360-software\_operations\phase-09-9-hardening\03-housekeeping\quarantine\backend-root-junk-advanced\___.junk","0","0","17/6/2026 4:29:29 PM"
"____.junk","C:\Users\jep_edmundrulz\litigation-360-workspace\litigation-360-software\_operations\phase-09-9-hardening\03-housekeeping\quarantine\backend-root-junk-advanced\____.junk","0","0","17/6/2026 4:29:29 PM"
"____sql.junk","C:\Users\jep_edmundrulz\litigation-360-workspace\litigation-360-software\_operations\phase-09-9-hardening\03-housekeeping\quarantine\backend-root-junk-advanced\____sql.junk","1","0","17/6/2026 4:29:29 PM"
"n","C:\Users\jep_edmundrulz\litigation-360-workspace\litigation-360-software\_operations\phase-09-9-hardening\03-housekeeping\quarantine\backend-root-junk-advanced\File.junk\n","1","0","17/6/2026 4:29:29 PM"
"n'","C:\Users\jep_edmundrulz\litigation-360-workspace\litigation-360-software\_operations\phase-09-9-hardening\03-housekeeping\quarantine\backend-root-junk-advanced\File.junk\n\n'","0","0","17/6/2026 4:29:29 PM"
"n","C:\Users\jep_edmundrulz\litigation-360-workspace\litigation-360-software\_operations\phase-09-9-hardening\03-housekeeping\quarantine\backend-root-junk-advanced\Found.junk\n","1","0","17/6/2026 4:29:29 PM"
"n'","C:\Users\jep_edmundrulz\litigation-360-workspace\litigation-360-software\_operations\phase-09-9-hardening\03-housekeeping\quarantine\backend-root-junk-advanced\Found.junk\n\n'","0","0","17/6/2026 4:29:29 PM"
"n","C:\Users\jep_edmundrulz\litigation-360-workspace\litigation-360-software\_operations\phase-09-9-hardening\03-housekeeping\quarantine\backend-root-junk-advanced\_.junk\n","1","0","17/6/2026 4:29:29 PM"
"n```","C:\Users\jep_edmundrulz\litigation-360-workspace\litigation-360-software\_operations\phase-09-9-hardening\03-housekeeping\quarantine\backend-root-junk-advanced\_.junk\n```","1","0","17/6/2026 4:29:29 PM"
"n'","C:\Users\jep_edmundrulz\litigation-360-workspace\litigation-360-software\_operations\phase-09-9-hardening\03-housekeeping\quarantine\backend-root-junk-advanced\_.junk\n\n'","0","0","17/6/2026 4:29:29 PM"
"n","C:\Users\jep_edmundrulz\litigation-360-workspace\litigation-360-software\_operations\phase-09-9-hardening\03-housekeeping\quarantine\backend-root-junk-advanced\_.junk\n```\n","1","0","17/6/2026 4:29:29 PM"
"n'","C:\Users\jep_edmundrulz\litigation-360-workspace\litigation-360-software\_operations\phase-09-9-hardening\03-housekeeping\quarantine\backend-root-junk-advanced\_.junk\n```\n\n'","0","0","17/6/2026 4:29:29 PM"
"n'","C:\Users\jep_edmundrulz\litigation-360-workspace\litigation-360-software\_operations\phase-09-9-hardening\03-housekeeping\quarantine\backend-root-junk-advanced\____sql.junk\n'","0","0","17/6/2026 4:29:29 PM"
"backups","C:\Users\jep_edmundrulz\litigation-360-workspace\litigation-360-software\_operations\phase-09-9-hardening\05-recovery-center\backups","0","1","18/6/2026 4:53:47 PM"
"configs","C:\Users\jep_edmundrulz\litigation-360-workspace\litigation-360-software\_operations\phase-09-9-hardening\06-golden-snapshot\configs","0","1","18/6/2026 5:01:26 PM"
"database","C:\Users\jep_edmundrulz\litigation-360-workspace\litigation-360-software\_operations\phase-09-9-hardening\06-golden-snapshot\database","0","1","18/6/2026 5:01:06 PM"
"reports","C:\Users\jep_edmundrulz\litigation-360-workspace\litigation-360-software\_operations\phase-09-9-hardening\06-golden-snapshot\reports","0","13","18/6/2026 5:01:17 PM"
"handover","C:\Users\jep_edmundrulz\litigation-360-workspace\litigation-360-software\_operations\phase-10A-cleanup-and-handover\handover","0","2","18/6/2026 5:35:51 PM"
"logs","C:\Users\jep_edmundrulz\litigation-360-workspace\litigation-360-software\_operations\phase-10A-cleanup-and-handover\logs","0","1","18/6/2026 5:35:45 PM"
"quarantine","C:\Users\jep_edmundrulz\litigation-360-workspace\litigation-360-software\_operations\phase-10A-cleanup-and-handover\quarantine","0","6","18/6/2026 5:39:13 PM"
"reports","C:\Users\jep_edmundrulz\litigation-360-workspace\litigation-360-software\_operations\phase-10A-cleanup-and-handover\reports","0","2","18/6/2026 5:35:45 PM"
"handover","C:\Users\jep_edmundrulz\litigation-360-workspace\litigation-360-software\_operations\phase-10A-cleanup-and-handover-v3\handover","0","2","18/6/2026 5:45:33 PM"
"logs","C:\Users\jep_edmundrulz\litigation-360-workspace\litigation-360-software\_operations\phase-10A-cleanup-and-handover-v3\logs","0","1","18/6/2026 5:45:33 PM"
"quarantine","C:\Users\jep_edmundrulz\litigation-360-workspace\litigation-360-software\_operations\phase-10A-cleanup-and-handover-v3\quarantine","34","4","18/6/2026 5:47:02 PM"
"reports","C:\Users\jep_edmundrulz\litigation-360-workspace\litigation-360-software\_operations\phase-10A-cleanup-and-handover-v3\reports","0","9","18/6/2026 5:45:34 PM"
"'No","C:\Users\jep_edmundrulz\litigation-360-workspace\litigation-360-software\_operations\phase-10A-cleanup-and-handover-v3\quarantine\'No","0","0","17/6/2026 4:19:03 PM"
"+","C:\Users\jep_edmundrulz\litigation-360-workspace\litigation-360-software\_operations\phase-10A-cleanup-and-handover-v3\quarantine\+","0","0","17/6/2026 4:19:02 PM"
"at","C:\Users\jep_edmundrulz\litigation-360-workspace\litigation-360-software\_operations\phase-10A-cleanup-and-handover-v3\quarantine\at","0","0","17/6/2026 4:22:05 PM"
"bytes","C:\Users\jep_edmundrulz\litigation-360-workspace\litigation-360-software\_operations\phase-10A-cleanup-and-handover-v3\quarantine\bytes","1","0","17/6/2026 4:22:05 PM"
"count","C:\Users\jep_edmundrulz\litigation-360-workspace\litigation-360-software\_operations\phase-10A-cleanup-and-handover-v3\quarantine\count","0","0","17/6/2026 4:22:06 PM"
"Database","C:\Users\jep_edmundrulz\litigation-360-workspace\litigation-360-software\_operations\phase-10A-cleanup-and-handover-v3\quarantine\Database","1","0","17/6/2026 4:22:05 PM"
"Date().toString()","C:\Users\jep_edmundrulz\litigation-360-workspace\litigation-360-software\_operations\phase-10A-cleanup-and-handover-v3\quarantine\Date().toString()","0","0","17/6/2026 4:19:02 PM"
"dbPath","C:\Users\jep_edmundrulz\litigation-360-workspace\litigation-360-software\_operations\phase-10A-cleanup-and-handover-v3\quarantine\dbPath","0","0","17/6/2026 4:22:05 PM"
"ERROR","C:\Users\jep_edmundrulz\litigation-360-workspace\litigation-360-software\_operations\phase-10A-cleanup-and-handover-v3\quarantine\ERROR","1","0","17/6/2026 4:22:05 PM"
"executed","C:\Users\jep_edmundrulz\litigation-360-workspace\litigation-360-software\_operations\phase-10A-cleanup-and-handover-v3\quarantine\executed","1","0","17/6/2026 4:19:03 PM"
"expected","C:\Users\jep_edmundrulz\litigation-360-workspace\litigation-360-software\_operations\phase-10A-cleanup-and-handover-v3\quarantine\expected","0","0","17/6/2026 4:22:05 PM"
"file","C:\Users\jep_edmundrulz\litigation-360-workspace\litigation-360-software\_operations\phase-10A-cleanup-and-handover-v3\quarantine\file","0","0","17/6/2026 4:22:05 PM"
"Files","C:\Users\jep_edmundrulz\litigation-360-workspace\litigation-360-software\_operations\phase-10A-cleanup-and-handover-v3\quarantine\Files","0","0","17/6/2026 4:19:03 PM"
"Found","C:\Users\jep_edmundrulz\litigation-360-workspace\litigation-360-software\_operations\phase-10A-cleanup-and-handover-v3\quarantine\Found","2","0","17/6/2026 4:19:03 PM"
"Inventory","C:\Users\jep_edmundrulz\litigation-360-workspace\litigation-360-software\_operations\phase-10A-cleanup-and-handover-v3\quarantine\Inventory","1","0","17/6/2026 4:22:05 PM"
"migration","C:\Users\jep_edmundrulz\litigation-360-workspace\litigation-360-software\_operations\phase-10A-cleanup-and-handover-v3\quarantine\migration","0","0","17/6/2026 4:19:03 PM"
"modified","C:\Users\jep_edmundrulz\litigation-360-workspace\litigation-360-software\_operations\phase-10A-cleanup-and-handover-v3\quarantine\modified","1","0","17/6/2026 4:19:03 PM"
"new","C:\Users\jep_edmundrulz\litigation-360-workspace\litigation-360-software\_operations\phase-10A-cleanup-and-handover-v3\quarantine\new","0","0","17/6/2026 4:19:02 PM"
"No","C:\Users\jep_edmundrulz\litigation-360-workspace\litigation-360-software\_operations\phase-10A-cleanup-and-handover-v3\quarantine\No","0","0","17/6/2026 4:19:03 PM"
"not","C:\Users\jep_edmundrulz\litigation-360-workspace\litigation-360-software\_operations\phase-10A-cleanup-and-handover-v3\quarantine\not","0","0","17/6/2026 4:22:05 PM"
"only","C:\Users\jep_edmundrulz\litigation-360-workspace\litigation-360-software\_operations\phase-10A-cleanup-and-handover-v3\quarantine\only","1","0","17/6/2026 4:19:03 PM"
"path","C:\Users\jep_edmundrulz\litigation-360-workspace\litigation-360-software\_operations\phase-10A-cleanup-and-handover-v3\quarantine\path","1","0","17/6/2026 4:22:05 PM"
"READ","C:\Users\jep_edmundrulz\litigation-360-workspace\litigation-360-software\_operations\phase-10A-cleanup-and-handover-v3\quarantine\READ","0","0","17/6/2026 4:22:05 PM"
"Row","C:\Users\jep_edmundrulz\litigation-360-workspace\litigation-360-software\_operations\phase-10A-cleanup-and-handover-v3\quarantine\Row","0","0","17/6/2026 4:22:06 PM"
"Safety","C:\Users\jep_edmundrulz\litigation-360-workspace\litigation-360-software\_operations\phase-10A-cleanup-and-handover-v3\quarantine\Safety","0","0","17/6/2026 4:19:03 PM"
"SQLite","C:\Users\jep_edmundrulz\litigation-360-workspace\litigation-360-software\_operations\phase-10A-cleanup-and-handover-v3\quarantine\SQLite","0","0","17/6/2026 4:19:03 PM"
"stat.mtime.toString()","C:\Users\jep_edmundrulz\litigation-360-workspace\litigation-360-software\_operations\phase-10A-cleanup-and-handover-v3\quarantine\stat.mtime.toString()","0","0","17/6/2026 4:22:05 PM"
"stat.size","C:\Users\jep_edmundrulz\litigation-360-workspace\litigation-360-software\_operations\phase-10A-cleanup-and-handover-v3\quarantine\stat.size","0","0","17/6/2026 4:22:05 PM"
"Status","C:\Users\jep_edmundrulz\litigation-360-workspace\litigation-360-software\_operations\phase-10A-cleanup-and-handover-v3\quarantine\Status","1","0","17/6/2026 4:19:03 PM"
"table.name","C:\Users\jep_edmundrulz\litigation-360-workspace\litigation-360-software\_operations\phase-10A-cleanup-and-handover-v3\quarantine\table.name","0","0","17/6/2026 4:22:06 PM"
"table.sql","C:\Users\jep_edmundrulz\litigation-360-workspace\litigation-360-software\_operations\phase-10A-cleanup-and-handover-v3\quarantine\table.sql","0","0","17/6/2026 4:22:06 PM"
"Tables","C:\Users\jep_edmundrulz\litigation-360-workspace\litigation-360-software\_operations\phase-10A-cleanup-and-handover-v3\quarantine\Tables","0","0","17/6/2026 4:22:06 PM"
"Target","C:\Users\jep_edmundrulz\litigation-360-workspace\litigation-360-software\_operations\phase-10A-cleanup-and-handover-v3\quarantine\Target","0","0","17/6/2026 4:22:05 PM"
"YES","C:\Users\jep_edmundrulz\litigation-360-workspace\litigation-360-software\_operations\phase-10A-cleanup-and-handover-v3\quarantine\YES","1","0","17/6/2026 4:22:05 PM"
"n'","C:\Users\jep_edmundrulz\litigation-360-workspace\litigation-360-software\_operations\phase-10A-cleanup-and-handover-v3\quarantine\bytes\n'","0","0","17/6/2026 4:22:05 PM"
"n","C:\Users\jep_edmundrulz\litigation-360-workspace\litigation-360-software\_operations\phase-10A-cleanup-and-handover-v3\quarantine\Database\n","1","0","17/6/2026 4:22:05 PM"
"n'","C:\Users\jep_edmundrulz\litigation-360-workspace\litigation-360-software\_operations\phase-10A-cleanup-and-handover-v3\quarantine\Database\n\n'","0","0","17/6/2026 4:22:05 PM"
"n","C:\Users\jep_edmundrulz\litigation-360-workspace\litigation-360-software\_operations\phase-10A-cleanup-and-handover-v3\quarantine\ERROR\n","1","0","17/6/2026 4:22:05 PM"
"nDatabase","C:\Users\jep_edmundrulz\litigation-360-workspace\litigation-360-software\_operations\phase-10A-cleanup-and-handover-v3\quarantine\ERROR\n\nDatabase","0","0","17/6/2026 4:22:05 PM"
"n'","C:\Users\jep_edmundrulz\litigation-360-workspace\litigation-360-software\_operations\phase-10A-cleanup-and-handover-v3\quarantine\executed\n'","0","0","17/6/2026 4:19:03 PM"
"n","C:\Users\jep_edmundrulz\litigation-360-workspace\litigation-360-software\_operations\phase-10A-cleanup-and-handover-v3\quarantine\Found\n","1","0","17/6/2026 4:19:03 PM"
"n'","C:\Users\jep_edmundrulz\litigation-360-workspace\litigation-360-software\_operations\phase-10A-cleanup-and-handover-v3\quarantine\Found\n'","0","0","17/6/2026 4:19:03 PM"
"n'","C:\Users\jep_edmundrulz\litigation-360-workspace\litigation-360-software\_operations\phase-10A-cleanup-and-handover-v3\quarantine\Found\n\n'","0","0","17/6/2026 4:19:03 PM"
"n","C:\Users\jep_edmundrulz\litigation-360-workspace\litigation-360-software\_operations\phase-10A-cleanup-and-handover-v3\quarantine\Inventory\n","1","0","17/6/2026 4:22:05 PM"
"n'","C:\Users\jep_edmundrulz\litigation-360-workspace\litigation-360-software\_operations\phase-10A-cleanup-and-handover-v3\quarantine\Inventory\n\n'","0","0","17/6/2026 4:22:05 PM"
"n'","C:\Users\jep_edmundrulz\litigation-360-workspace\litigation-360-software\_operations\phase-10A-cleanup-and-handover-v3\quarantine\modified\n'","0","0","17/6/2026 4:19:03 PM"
"n'","C:\Users\jep_edmundrulz\litigation-360-workspace\litigation-360-software\_operations\phase-10A-cleanup-and-handover-v3\quarantine\only\n'","0","0","17/6/2026 4:19:03 PM"
"n'","C:\Users\jep_edmundrulz\litigation-360-workspace\litigation-360-software\_operations\phase-10A-cleanup-and-handover-v3\quarantine\path\n'","0","0","17/6/2026 4:22:05 PM"
"n","C:\Users\jep_edmundrulz\litigation-360-workspace\litigation-360-software\_operations\phase-10A-cleanup-and-handover-v3\quarantine\Status\n","1","0","17/6/2026 4:19:03 PM"
"n'","C:\Users\jep_edmundrulz\litigation-360-workspace\litigation-360-software\_operations\phase-10A-cleanup-and-handover-v3\quarantine\Status\n\n'","0","0","17/6/2026 4:19:03 PM"
"n'","C:\Users\jep_edmundrulz\litigation-360-workspace\litigation-360-software\_operations\phase-10A-cleanup-and-handover-v3\quarantine\YES\n'","0","0","17/6/2026 4:22:05 PM"
"backups","C:\Users\jep_edmundrulz\litigation-360-workspace\litigation-360-software\_operations\phase-10A-handler-registry\backups","0","1","18/6/2026 5:24:24 PM"
"docs","C:\Users\jep_edmundrulz\litigation-360-workspace\litigation-360-software\_operations\phase-10A-handler-registry\docs","0","0","18/6/2026 5:22:55 PM"
"logs","C:\Users\jep_edmundrulz\litigation-360-workspace\litigation-360-software\_operations\phase-10A-handler-registry\logs","0","1","18/6/2026 5:27:49 PM"
"reports","C:\Users\jep_edmundrulz\litigation-360-workspace\litigation-360-software\_operations\phase-10A-handler-registry\reports","0","0","18/6/2026 5:22:55 PM"
"scripts","C:\Users\jep_edmundrulz\litigation-360-workspace\litigation-360-software\_operations\phase-10A-handler-registry\scripts","0","0","18/6/2026 5:22:55 PM"
"validation","C:\Users\jep_edmundrulz\litigation-360-workspace\litigation-360-software\_operations\phase-10A-handler-registry\validation","0","0","18/6/2026 5:22:55 PM"
"backups","C:\Users\jep_edmundrulz\litigation-360-workspace\litigation-360-software\_operations\phase-10A-handler-registry-finisher\backups","0","2","18/6/2026 6:17:19 PM"
"docs","C:\Users\jep_edmundrulz\litigation-360-workspace\litigation-360-software\_operations\phase-10A-handler-registry-finisher\docs","0","1","18/6/2026 6:17:19 PM"
"logs","C:\Users\jep_edmundrulz\litigation-360-workspace\litigation-360-software\_operations\phase-10A-handler-registry-finisher\logs","0","1","18/6/2026 6:17:18 PM"
"reports","C:\Users\jep_edmundrulz\litigation-360-workspace\litigation-360-software\_operations\phase-10A-handler-registry-finisher\reports","0","2","18/6/2026 6:17:19 PM"
"validation","C:\Users\jep_edmundrulz\litigation-360-workspace\litigation-360-software\_operations\phase-10A-handler-registry-finisher\validation","0","1","18/6/2026 6:17:19 PM"
"backups","C:\Users\jep_edmundrulz\litigation-360-workspace\litigation-360-software\_operations\phase-10B-universal-event-bus\backups","0","1","18/6/2026 6:51:02 PM"
"docs","C:\Users\jep_edmundrulz\litigation-360-workspace\litigation-360-software\_operations\phase-10B-universal-event-bus\docs","0","1","18/6/2026 6:51:02 PM"
"logs","C:\Users\jep_edmundrulz\litigation-360-workspace\litigation-360-software\_operations\phase-10B-universal-event-bus\logs","0","1","18/6/2026 6:51:02 PM"
"reports","C:\Users\jep_edmundrulz\litigation-360-workspace\litigation-360-software\_operations\phase-10B-universal-event-bus\reports","0","2","18/6/2026 6:51:02 PM"
"validation","C:\Users\jep_edmundrulz\litigation-360-workspace\litigation-360-software\_operations\phase-10B-universal-event-bus\validation","0","1","18/6/2026 6:51:02 PM"
"backups","C:\Users\jep_edmundrulz\litigation-360-workspace\litigation-360-software\_operations\phase-10C-notification-framework\backups","0","1","18/6/2026 6:59:40 PM"
"docs","C:\Users\jep_edmundrulz\litigation-360-workspace\litigation-360-software\_operations\phase-10C-notification-framework\docs","0","1","18/6/2026 6:59:40 PM"
"logs","C:\Users\jep_edmundrulz\litigation-360-workspace\litigation-360-software\_operations\phase-10C-notification-framework\logs","0","1","18/6/2026 6:59:40 PM"
"reports","C:\Users\jep_edmundrulz\litigation-360-workspace\litigation-360-software\_operations\phase-10C-notification-framework\reports","0","2","18/6/2026 6:59:40 PM"
"validation","C:\Users\jep_edmundrulz\litigation-360-workspace\litigation-360-software\_operations\phase-10C-notification-framework\validation","0","1","18/6/2026 6:59:40 PM"
"backups","C:\Users\jep_edmundrulz\litigation-360-workspace\litigation-360-software\_operations\phase-10D-workflow-automation-engine\backups","0","1","18/6/2026 7:14:34 PM"
"docs","C:\Users\jep_edmundrulz\litigation-360-workspace\litigation-360-software\_operations\phase-10D-workflow-automation-engine\docs","0","1","18/6/2026 7:14:35 PM"
"logs","C:\Users\jep_edmundrulz\litigation-360-workspace\litigation-360-software\_operations\phase-10D-workflow-automation-engine\logs","0","1","18/6/2026 7:14:34 PM"
"reports","C:\Users\jep_edmundrulz\litigation-360-workspace\litigation-360-software\_operations\phase-10D-workflow-automation-engine\reports","0","2","18/6/2026 7:14:35 PM"
"validation","C:\Users\jep_edmundrulz\litigation-360-workspace\litigation-360-software\_operations\phase-10D-workflow-automation-engine\validation","0","1","18/6/2026 7:14:35 PM"
"backups","C:\Users\jep_edmundrulz\litigation-360-workspace\litigation-360-software\_operations\phase-10E-document-lifecycle-engine\backups","0","1","18/6/2026 7:36:24 PM"
"docs","C:\Users\jep_edmundrulz\litigation-360-workspace\litigation-360-software\_operations\phase-10E-document-lifecycle-engine\docs","0","1","18/6/2026 7:36:24 PM"
"logs","C:\Users\jep_edmundrulz\litigation-360-workspace\litigation-360-software\_operations\phase-10E-document-lifecycle-engine\logs","0","1","18/6/2026 7:36:24 PM"
"reports","C:\Users\jep_edmundrulz\litigation-360-workspace\litigation-360-software\_operations\phase-10E-document-lifecycle-engine\reports","0","2","18/6/2026 7:36:26 PM"
"validation","C:\Users\jep_edmundrulz\litigation-360-workspace\litigation-360-software\_operations\phase-10E-document-lifecycle-engine\validation","0","1","18/6/2026 7:36:24 PM"
"backups","C:\Users\jep_edmundrulz\litigation-360-workspace\litigation-360-software\_operations\phase-10F-court-operations-engine\backups","0","1","18/6/2026 7:51:14 PM"
"docs","C:\Users\jep_edmundrulz\litigation-360-workspace\litigation-360-software\_operations\phase-10F-court-operations-engine\docs","0","1","18/6/2026 7:51:14 PM"
"logs","C:\Users\jep_edmundrulz\litigation-360-workspace\litigation-360-software\_operations\phase-10F-court-operations-engine\logs","0","1","18/6/2026 7:51:14 PM"
"reports","C:\Users\jep_edmundrulz\litigation-360-workspace\litigation-360-software\_operations\phase-10F-court-operations-engine\reports","0","2","18/6/2026 7:51:15 PM"
"validation","C:\Users\jep_edmundrulz\litigation-360-workspace\litigation-360-software\_operations\phase-10F-court-operations-engine\validation","0","1","18/6/2026 7:51:14 PM"
"backups","C:\Users\jep_edmundrulz\litigation-360-workspace\litigation-360-software\_operations\phase-10G-matter-intelligence-engine\backups","0","1","18/6/2026 8:47:20 PM"
"docs","C:\Users\jep_edmundrulz\litigation-360-workspace\litigation-360-software\_operations\phase-10G-matter-intelligence-engine\docs","0","1","18/6/2026 8:47:20 PM"
"logs","C:\Users\jep_edmundrulz\litigation-360-workspace\litigation-360-software\_operations\phase-10G-matter-intelligence-engine\logs","0","1","18/6/2026 8:47:20 PM"
"reports","C:\Users\jep_edmundrulz\litigation-360-workspace\litigation-360-software\_operations\phase-10G-matter-intelligence-engine\reports","0","2","18/6/2026 8:47:20 PM"
"validation","C:\Users\jep_edmundrulz\litigation-360-workspace\litigation-360-software\_operations\phase-10G-matter-intelligence-engine\validation","0","1","18/6/2026 8:47:20 PM"
"backups","C:\Users\jep_edmundrulz\litigation-360-workspace\litigation-360-software\_operations\phase-10H-executive-command-centre\backups","0","1","18/6/2026 9:06:03 PM"
"docs","C:\Users\jep_edmundrulz\litigation-360-workspace\litigation-360-software\_operations\phase-10H-executive-command-centre\docs","0","1","18/6/2026 9:06:03 PM"
"logs","C:\Users\jep_edmundrulz\litigation-360-workspace\litigation-360-software\_operations\phase-10H-executive-command-centre\logs","0","1","18/6/2026 9:06:03 PM"
"reports","C:\Users\jep_edmundrulz\litigation-360-workspace\litigation-360-software\_operations\phase-10H-executive-command-centre\reports","0","2","18/6/2026 9:06:03 PM"
"validation","C:\Users\jep_edmundrulz\litigation-360-workspace\litigation-360-software\_operations\phase-10H-executive-command-centre\validation","0","1","18/6/2026 9:06:03 PM"
"backups","C:\Users\jep_edmundrulz\litigation-360-workspace\litigation-360-software\_operations\phase-10I-legal-operations-assistant-core\backups","0","1","18/6/2026 9:14:25 PM"
"docs","C:\Users\jep_edmundrulz\litigation-360-workspace\litigation-360-software\_operations\phase-10I-legal-operations-assistant-core\docs","0","1","18/6/2026 9:14:26 PM"
"logs","C:\Users\jep_edmundrulz\litigation-360-workspace\litigation-360-software\_operations\phase-10I-legal-operations-assistant-core\logs","0","1","18/6/2026 9:14:25 PM"
"reports","C:\Users\jep_edmundrulz\litigation-360-workspace\litigation-360-software\_operations\phase-10I-legal-operations-assistant-core\reports","0","2","18/6/2026 9:14:26 PM"
"validation","C:\Users\jep_edmundrulz\litigation-360-workspace\litigation-360-software\_operations\phase-10I-legal-operations-assistant-core\validation","0","1","18/6/2026 9:14:26 PM"
"backups","C:\Users\jep_edmundrulz\litigation-360-workspace\litigation-360-software\_operations\phase-10J-predictive-litigation-analytics\backups","0","1","18/6/2026 9:53:57 PM"
"docs","C:\Users\jep_edmundrulz\litigation-360-workspace\litigation-360-software\_operations\phase-10J-predictive-litigation-analytics\docs","0","1","18/6/2026 9:53:57 PM"
"logs","C:\Users\jep_edmundrulz\litigation-360-workspace\litigation-360-software\_operations\phase-10J-predictive-litigation-analytics\logs","0","1","18/6/2026 9:53:57 PM"
"reports","C:\Users\jep_edmundrulz\litigation-360-workspace\litigation-360-software\_operations\phase-10J-predictive-litigation-analytics\reports","0","2","18/6/2026 9:53:57 PM"
"validation","C:\Users\jep_edmundrulz\litigation-360-workspace\litigation-360-software\_operations\phase-10J-predictive-litigation-analytics\validation","0","1","18/6/2026 9:53:57 PM"
"backups","C:\Users\jep_edmundrulz\litigation-360-workspace\litigation-360-software\_operations\phase-10K-court-navigation-intelligence\backups","0","1","18/6/2026 10:07:40 PM"
"docs","C:\Users\jep_edmundrulz\litigation-360-workspace\litigation-360-software\_operations\phase-10K-court-navigation-intelligence\docs","0","1","18/6/2026 10:07:40 PM"
"logs","C:\Users\jep_edmundrulz\litigation-360-workspace\litigation-360-software\_operations\phase-10K-court-navigation-intelligence\logs","0","1","18/6/2026 10:07:40 PM"
"reports","C:\Users\jep_edmundrulz\litigation-360-workspace\litigation-360-software\_operations\phase-10K-court-navigation-intelligence\reports","0","2","18/6/2026 10:07:41 PM"
"validation","C:\Users\jep_edmundrulz\litigation-360-workspace\litigation-360-software\_operations\phase-10K-court-navigation-intelligence\validation","0","1","18/6/2026 10:07:40 PM"
"backups","C:\Users\jep_edmundrulz\litigation-360-workspace\litigation-360-software\_operations\phase-10K-court-registry-perkeso-industrial-court-patch\backups","0","1","18/6/2026 10:14:22 PM"
"docs","C:\Users\jep_edmundrulz\litigation-360-workspace\litigation-360-software\_operations\phase-10K-court-registry-perkeso-industrial-court-patch\docs","0","1","18/6/2026 10:14:22 PM"
"logs","C:\Users\jep_edmundrulz\litigation-360-workspace\litigation-360-software\_operations\phase-10K-court-registry-perkeso-industrial-court-patch\logs","0","1","18/6/2026 10:14:22 PM"
"reports","C:\Users\jep_edmundrulz\litigation-360-workspace\litigation-360-software\_operations\phase-10K-court-registry-perkeso-industrial-court-patch\reports","0","2","18/6/2026 10:14:22 PM"
"validation","C:\Users\jep_edmundrulz\litigation-360-workspace\litigation-360-software\_operations\phase-10K-court-registry-perkeso-industrial-court-patch\validation","0","1","18/6/2026 10:14:22 PM"
"backups","C:\Users\jep_edmundrulz\litigation-360-workspace\litigation-360-software\_operations\phase-10L-maps-court-registry-fix\backups","0","1","19/6/2026 12:50:33 AM"
"logs","C:\Users\jep_edmundrulz\litigation-360-workspace\litigation-360-software\_operations\phase-10L-maps-court-registry-fix\logs","0","1","19/6/2026 12:50:33 AM"
"reports","C:\Users\jep_edmundrulz\litigation-360-workspace\litigation-360-software\_operations\phase-10L-maps-court-registry-fix\reports","0","1","19/6/2026 12:50:33 AM"
"backups","C:\Users\jep_edmundrulz\litigation-360-workspace\litigation-360-software\_operations\phase-10L-maps-restore\backups","0","1","19/6/2026 12:29:36 AM"
"logs","C:\Users\jep_edmundrulz\litigation-360-workspace\litigation-360-software\_operations\phase-10L-maps-restore\logs","0","1","19/6/2026 12:29:36 AM"
"reports","C:\Users\jep_edmundrulz\litigation-360-workspace\litigation-360-software\_operations\phase-10L-maps-restore\reports","0","1","19/6/2026 12:29:36 AM"
"backups","C:\Users\jep_edmundrulz\litigation-360-workspace\litigation-360-software\_operations\phase-10M-autonomous-operations-engine\backups","0","1","18/6/2026 10:48:20 PM"
"docs","C:\Users\jep_edmundrulz\litigation-360-workspace\litigation-360-software\_operations\phase-10M-autonomous-operations-engine\docs","0","1","18/6/2026 10:48:20 PM"
"logs","C:\Users\jep_edmundrulz\litigation-360-workspace\litigation-360-software\_operations\phase-10M-autonomous-operations-engine\logs","0","1","18/6/2026 10:48:20 PM"
"reports","C:\Users\jep_edmundrulz\litigation-360-workspace\litigation-360-software\_operations\phase-10M-autonomous-operations-engine\reports","0","2","18/6/2026 10:48:21 PM"
"validation","C:\Users\jep_edmundrulz\litigation-360-workspace\litigation-360-software\_operations\phase-10M-autonomous-operations-engine\validation","0","1","18/6/2026 10:48:20 PM"
"registers","C:\Users\jep_edmundrulz\litigation-360-workspace\litigation-360-software\_operations\phase-10M-master-documentation\registers","0","0","19/6/2026 5:51:11 PM"
"reports","C:\Users\jep_edmundrulz\litigation-360-workspace\litigation-360-software\_operations\phase-10M-master-documentation\reports","0","4","19/6/2026 6:01:52 PM"
"backups","C:\Users\jep_edmundrulz\litigation-360-workspace\litigation-360-software\_operations\phase-10N-enterprise-governance\backups","0","1","19/6/2026 12:07:45 AM"
"docs","C:\Users\jep_edmundrulz\litigation-360-workspace\litigation-360-software\_operations\phase-10N-enterprise-governance\docs","0","1","19/6/2026 12:07:45 AM"
"logs","C:\Users\jep_edmundrulz\litigation-360-workspace\litigation-360-software\_operations\phase-10N-enterprise-governance\logs","0","1","19/6/2026 12:07:45 AM"
"reports","C:\Users\jep_edmundrulz\litigation-360-workspace\litigation-360-software\_operations\phase-10N-enterprise-governance\reports","0","2","19/6/2026 12:07:45 AM"
"validation","C:\Users\jep_edmundrulz\litigation-360-workspace\litigation-360-software\_operations\phase-10N-enterprise-governance\validation","0","1","19/6/2026 12:07:45 AM"
"registers","C:\Users\jep_edmundrulz\litigation-360-workspace\litigation-360-software\_operations\phase-10N-governance\registers","0","4","19/6/2026 11:17:45 PM"
"reports","C:\Users\jep_edmundrulz\litigation-360-workspace\litigation-360-software\_operations\phase-10N-governance\reports","0","1","19/6/2026 11:17:45 PM"
"templates","C:\Users\jep_edmundrulz\litigation-360-workspace\litigation-360-software\_operations\phase-10N-governance\templates","0","5","19/6/2026 11:17:45 PM"
"backups","C:\Users\jep_edmundrulz\litigation-360-workspace\litigation-360-software\_operations\phase-10O-enterprise-hardening\backups","0","1","19/6/2026 1:06:59 AM"
"docs","C:\Users\jep_edmundrulz\litigation-360-workspace\litigation-360-software\_operations\phase-10O-enterprise-hardening\docs","0","1","19/6/2026 1:06:59 AM"
"logs","C:\Users\jep_edmundrulz\litigation-360-workspace\litigation-360-software\_operations\phase-10O-enterprise-hardening\logs","0","1","19/6/2026 1:06:59 AM"
"reports","C:\Users\jep_edmundrulz\litigation-360-workspace\litigation-360-software\_operations\phase-10O-enterprise-hardening\reports","0","2","19/6/2026 1:07:00 AM"
"validation","C:\Users\jep_edmundrulz\litigation-360-workspace\litigation-360-software\_operations\phase-10O-enterprise-hardening\validation","0","1","19/6/2026 1:06:59 AM"
"backups","C:\Users\jep_edmundrulz\litigation-360-workspace\litigation-360-software\_operations\phase-10O-hardening-path-fix\backups","0","1","19/6/2026 1:16:50 AM"
"logs","C:\Users\jep_edmundrulz\litigation-360-workspace\litigation-360-software\_operations\phase-10O-hardening-path-fix\logs","0","1","19/6/2026 1:16:50 AM"
"reports","C:\Users\jep_edmundrulz\litigation-360-workspace\litigation-360-software\_operations\phase-10O-hardening-path-fix\reports","0","1","19/6/2026 1:16:50 AM"
"backups","C:\Users\jep_edmundrulz\litigation-360-workspace\litigation-360-software\_operations\phase-10P-backup-recovery-disaster-readiness\backups","0","1","19/6/2026 1:29:45 AM"
"docs","C:\Users\jep_edmundrulz\litigation-360-workspace\litigation-360-software\_operations\phase-10P-backup-recovery-disaster-readiness\docs","0","1","19/6/2026 1:29:45 AM"
"logs","C:\Users\jep_edmundrulz\litigation-360-workspace\litigation-360-software\_operations\phase-10P-backup-recovery-disaster-readiness\logs","0","1","19/6/2026 1:29:45 AM"
"reports","C:\Users\jep_edmundrulz\litigation-360-workspace\litigation-360-software\_operations\phase-10P-backup-recovery-disaster-readiness\reports","0","2","19/6/2026 1:29:45 AM"
"runtime-snapshots","C:\Users\jep_edmundrulz\litigation-360-workspace\litigation-360-software\_operations\phase-10P-backup-recovery-disaster-readiness\runtime-snapshots","1","0","19/6/2026 1:29:45 AM"
"snapshots","C:\Users\jep_edmundrulz\litigation-360-workspace\litigation-360-software\_operations\phase-10P-backup-recovery-disaster-readiness\snapshots","0","0","19/6/2026 1:29:44 AM"
"validation","C:\Users\jep_edmundrulz\litigation-360-workspace\litigation-360-software\_operations\phase-10P-backup-recovery-disaster-readiness\validation","0","1","19/6/2026 1:29:45 AM"
"SNP-2026-06-18T17-29-45-265Z","C:\Users\jep_edmundrulz\litigation-360-workspace\litigation-360-software\_operations\phase-10P-backup-recovery-disaster-readiness\runtime-snapshots\SNP-2026-06-18T17-29-45-265Z","0","7","19/6/2026 1:29:45 AM"
"backups","C:\Users\jep_edmundrulz\litigation-360-workspace\litigation-360-software\_operations\phase-10Q-enterprise-monitoring\backups","0","1","19/6/2026 7:52:40 AM"
"dashboards","C:\Users\jep_edmundrulz\litigation-360-workspace\litigation-360-software\_operations\phase-10Q-enterprise-monitoring\dashboards","0","1","19/6/2026 7:52:40 AM"
"docs","C:\Users\jep_edmundrulz\litigation-360-workspace\litigation-360-software\_operations\phase-10Q-enterprise-monitoring\docs","0","1","19/6/2026 7:52:40 AM"
"logs","C:\Users\jep_edmundrulz\litigation-360-workspace\litigation-360-software\_operations\phase-10Q-enterprise-monitoring\logs","0","1","19/6/2026 7:52:40 AM"
"reports","C:\Users\jep_edmundrulz\litigation-360-workspace\litigation-360-software\_operations\phase-10Q-enterprise-monitoring\reports","0","2","19/6/2026 7:52:40 AM"
"validation","C:\Users\jep_edmundrulz\litigation-360-workspace\litigation-360-software\_operations\phase-10Q-enterprise-monitoring\validation","0","1","19/6/2026 7:52:40 AM"
"backups","C:\Users\jep_edmundrulz\litigation-360-workspace\litigation-360-software\_operations\phase-10R-performance-optimization\backups","0","1","19/6/2026 8:43:37 AM"
"benchmarks","C:\Users\jep_edmundrulz\litigation-360-workspace\litigation-360-software\_operations\phase-10R-performance-optimization\benchmarks","0","2","19/6/2026 8:43:39 AM"
"docs","C:\Users\jep_edmundrulz\litigation-360-workspace\litigation-360-software\_operations\phase-10R-performance-optimization\docs","0","1","19/6/2026 8:43:37 AM"
"logs","C:\Users\jep_edmundrulz\litigation-360-workspace\litigation-360-software\_operations\phase-10R-performance-optimization\logs","0","1","19/6/2026 8:43:37 AM"
"reports","C:\Users\jep_edmundrulz\litigation-360-workspace\litigation-360-software\_operations\phase-10R-performance-optimization\reports","0","1","19/6/2026 8:43:39 AM"
"validation","C:\Users\jep_edmundrulz\litigation-360-workspace\litigation-360-software\_operations\phase-10R-performance-optimization\validation","0","1","19/6/2026 8:43:37 AM"
"backups","C:\Users\jep_edmundrulz\litigation-360-workspace\litigation-360-software\_operations\phase-10S-frontend-dashboard-v2-fix\backups","0","3","19/6/2026 9:55:45 AM"
"docs","C:\Users\jep_edmundrulz\litigation-360-workspace\litigation-360-software\_operations\phase-10S-frontend-dashboard-v2-fix\docs","0","1","19/6/2026 9:55:45 AM"
"logs","C:\Users\jep_edmundrulz\litigation-360-workspace\litigation-360-software\_operations\phase-10S-frontend-dashboard-v2-fix\logs","0","0","19/6/2026 9:55:44 AM"
"reports","C:\Users\jep_edmundrulz\litigation-360-workspace\litigation-360-software\_operations\phase-10S-frontend-dashboard-v2-fix\reports","0","1","19/6/2026 9:55:46 AM"
"validation","C:\Users\jep_edmundrulz\litigation-360-workspace\litigation-360-software\_operations\phase-10S-frontend-dashboard-v2-fix\validation","0","1","19/6/2026 9:55:45 AM"
"backups","C:\Users\jep_edmundrulz\litigation-360-workspace\litigation-360-software\_operations\phase-10S-frontend-operations-dashboard\backups","0","0","19/6/2026 9:34:57 AM"
"docs","C:\Users\jep_edmundrulz\litigation-360-workspace\litigation-360-software\_operations\phase-10S-frontend-operations-dashboard\docs","0","1","19/6/2026 9:34:58 AM"
"logs","C:\Users\jep_edmundrulz\litigation-360-workspace\litigation-360-software\_operations\phase-10S-frontend-operations-dashboard\logs","0","0","19/6/2026 9:34:57 AM"
"reports","C:\Users\jep_edmundrulz\litigation-360-workspace\litigation-360-software\_operations\phase-10S-frontend-operations-dashboard\reports","0","0","19/6/2026 9:34:57 AM"
"validation","C:\Users\jep_edmundrulz\litigation-360-workspace\litigation-360-software\_operations\phase-10S-frontend-operations-dashboard\validation","0","1","19/6/2026 9:34:58 AM"
"backups","C:\Users\jep_edmundrulz\litigation-360-workspace\litigation-360-software\_operations\phase-10T-frontend-app-integration\backups","0","1","19/6/2026 10:22:23 AM"
"docs","C:\Users\jep_edmundrulz\litigation-360-workspace\litigation-360-software\_operations\phase-10T-frontend-app-integration\docs","0","1","19/6/2026 10:22:23 AM"
"logs","C:\Users\jep_edmundrulz\litigation-360-workspace\litigation-360-software\_operations\phase-10T-frontend-app-integration\logs","0","1","19/6/2026 10:22:23 AM"
"reports","C:\Users\jep_edmundrulz\litigation-360-workspace\litigation-360-software\_operations\phase-10T-frontend-app-integration\reports","0","1","19/6/2026 10:22:23 AM"
"validation","C:\Users\jep_edmundrulz\litigation-360-workspace\litigation-360-software\_operations\phase-10T-frontend-app-integration\validation","0","1","19/6/2026 10:22:23 AM"
"backups","C:\Users\jep_edmundrulz\litigation-360-workspace\litigation-360-software\_operations\phase-10U-app-wiring-fix\backups","0","1","19/6/2026 11:19:42 AM"
"docs","C:\Users\jep_edmundrulz\litigation-360-workspace\litigation-360-software\_operations\phase-10U-app-wiring-fix\docs","0","0","19/6/2026 11:19:42 AM"
"reports","C:\Users\jep_edmundrulz\litigation-360-workspace\litigation-360-software\_operations\phase-10U-app-wiring-fix\reports","0","1","19/6/2026 11:19:42 AM"
"validation","C:\Users\jep_edmundrulz\litigation-360-workspace\litigation-360-software\_operations\phase-10U-app-wiring-fix\validation","0","1","19/6/2026 11:19:42 AM"
"backups","C:\Users\jep_edmundrulz\litigation-360-workspace\litigation-360-software\_operations\phase-10U-frontend-backend-connectivity-validator\backups","0","1","19/6/2026 11:12:41 AM"
"docs","C:\Users\jep_edmundrulz\litigation-360-workspace\litigation-360-software\_operations\phase-10U-frontend-backend-connectivity-validator\docs","0","1","19/6/2026 11:12:41 AM"
"logs","C:\Users\jep_edmundrulz\litigation-360-workspace\litigation-360-software\_operations\phase-10U-frontend-backend-connectivity-validator\logs","0","0","19/6/2026 11:12:41 AM"
"reports","C:\Users\jep_edmundrulz\litigation-360-workspace\litigation-360-software\_operations\phase-10U-frontend-backend-connectivity-validator\reports","0","1","19/6/2026 11:12:42 AM"
"validation","C:\Users\jep_edmundrulz\litigation-360-workspace\litigation-360-software\_operations\phase-10U-frontend-backend-connectivity-validator\validation","0","1","19/6/2026 11:12:41 AM"
"backups","C:\Users\jep_edmundrulz\litigation-360-workspace\litigation-360-software\_operations\phase-10V-frontend-smoke-test-v2-fix\backups","0","1","19/6/2026 11:43:46 AM"
"logs","C:\Users\jep_edmundrulz\litigation-360-workspace\litigation-360-software\_operations\phase-10V-frontend-smoke-test-v2-fix\logs","0","0","19/6/2026 11:43:46 AM"
"reports","C:\Users\jep_edmundrulz\litigation-360-workspace\litigation-360-software\_operations\phase-10V-frontend-smoke-test-v2-fix\reports","0","1","19/6/2026 11:43:46 AM"
"validation","C:\Users\jep_edmundrulz\litigation-360-workspace\litigation-360-software\_operations\phase-10V-frontend-smoke-test-v2-fix\validation","0","1","19/6/2026 11:43:46 AM"
"backups","C:\Users\jep_edmundrulz\litigation-360-workspace\litigation-360-software\_operations\phase-10V-frontend-smoke-testing\backups","0","0","19/6/2026 11:34:11 AM"
"docs","C:\Users\jep_edmundrulz\litigation-360-workspace\litigation-360-software\_operations\phase-10V-frontend-smoke-testing\docs","0","1","19/6/2026 11:34:12 AM"
"logs","C:\Users\jep_edmundrulz\litigation-360-workspace\litigation-360-software\_operations\phase-10V-frontend-smoke-testing\logs","0","0","19/6/2026 11:34:11 AM"
"reports","C:\Users\jep_edmundrulz\litigation-360-workspace\litigation-360-software\_operations\phase-10V-frontend-smoke-testing\reports","0","2","19/6/2026 11:43:46 AM"
"tests","C:\Users\jep_edmundrulz\litigation-360-workspace\litigation-360-software\_operations\phase-10V-frontend-smoke-testing\tests","0","0","19/6/2026 11:34:11 AM"
"validation","C:\Users\jep_edmundrulz\litigation-360-workspace\litigation-360-software\_operations\phase-10V-frontend-smoke-testing\validation","0","1","19/6/2026 11:34:12 AM"
"backups","C:\Users\jep_edmundrulz\litigation-360-workspace\litigation-360-software\_operations\phase-10W-frontend-build-production-validation\backups","0","0","19/6/2026 11:53:43 AM"
"build-reports","C:\Users\jep_edmundrulz\litigation-360-workspace\litigation-360-software\_operations\phase-10W-frontend-build-production-validation\build-reports","0","2","19/6/2026 11:53:44 AM"
"docs","C:\Users\jep_edmundrulz\litigation-360-workspace\litigation-360-software\_operations\phase-10W-frontend-build-production-validation\docs","0","1","19/6/2026 11:53:46 AM"
"logs","C:\Users\jep_edmundrulz\litigation-360-workspace\litigation-360-software\_operations\phase-10W-frontend-build-production-validation\logs","0","0","19/6/2026 11:53:43 AM"
"reports","C:\Users\jep_edmundrulz\litigation-360-workspace\litigation-360-software\_operations\phase-10W-frontend-build-production-validation\reports","0","2","19/6/2026 11:53:46 AM"
"validation","C:\Users\jep_edmundrulz\litigation-360-workspace\litigation-360-software\_operations\phase-10W-frontend-build-production-validation\validation","0","2","19/6/2026 11:53:46 AM"
"backups","C:\Users\jep_edmundrulz\litigation-360-workspace\litigation-360-software\_operations\phase-10X-gui-replacement\backups","1","0","19/6/2026 12:26:38 PM"
"reports","C:\Users\jep_edmundrulz\litigation-360-workspace\litigation-360-software\_operations\phase-10X-gui-replacement\reports","0","1","19/6/2026 12:26:39 PM"
"src_20260619_122638","C:\Users\jep_edmundrulz\litigation-360-workspace\litigation-360-software\_operations\phase-10X-gui-replacement\backups\src_20260619_122638","14","7","19/6/2026 12:26:39 PM"
"assets","C:\Users\jep_edmundrulz\litigation-360-workspace\litigation-360-software\_operations\phase-10X-gui-replacement\backups\src_20260619_122638\assets","0","3","19/6/2026 12:26:38 PM"
"assistant","C:\Users\jep_edmundrulz\litigation-360-workspace\litigation-360-software\_operations\phase-10X-gui-replacement\backups\src_20260619_122638\assistant","0","0","19/6/2026 12:26:38 PM"
"command-centre","C:\Users\jep_edmundrulz\litigation-360-workspace\litigation-360-software\_operations\phase-10X-gui-replacement\backups\src_20260619_122638\command-centre","0","0","19/6/2026 12:26:38 PM"
"components","C:\Users\jep_edmundrulz\litigation-360-workspace\litigation-360-software\_operations\phase-10X-gui-replacement\backups\src_20260619_122638\components","0","0","19/6/2026 12:26:38 PM"
"constants","C:\Users\jep_edmundrulz\litigation-360-workspace\litigation-360-software\_operations\phase-10X-gui-replacement\backups\src_20260619_122638\constants","0","1","19/6/2026 12:26:38 PM"
"enterprise","C:\Users\jep_edmundrulz\litigation-360-workspace\litigation-360-software\_operations\phase-10X-gui-replacement\backups\src_20260619_122638\enterprise","3","0","19/6/2026 12:26:38 PM"
"layout","C:\Users\jep_edmundrulz\litigation-360-workspace\litigation-360-software\_operations\phase-10X-gui-replacement\backups\src_20260619_122638\layout","0","1","19/6/2026 12:26:38 PM"
"monitoring","C:\Users\jep_edmundrulz\litigation-360-workspace\litigation-360-software\_operations\phase-10X-gui-replacement\backups\src_20260619_122638\monitoring","0","0","19/6/2026 12:26:38 PM"
"notifications","C:\Users\jep_edmundrulz\litigation-360-workspace\litigation-360-software\_operations\phase-10X-gui-replacement\backups\src_20260619_122638\notifications","0","0","19/6/2026 12:26:38 PM"
"pages","C:\Users\jep_edmundrulz\litigation-360-workspace\litigation-360-software\_operations\phase-10X-gui-replacement\backups\src_20260619_122638\pages","0","11","19/6/2026 12:26:38 PM"
"rules","C:\Users\jep_edmundrulz\litigation-360-workspace\litigation-360-software\_operations\phase-10X-gui-replacement\backups\src_20260619_122638\rules","0","2","19/6/2026 12:26:38 PM"
"services","C:\Users\jep_edmundrulz\litigation-360-workspace\litigation-360-software\_operations\phase-10X-gui-replacement\backups\src_20260619_122638\services","0","5","19/6/2026 12:26:39 PM"
"utils","C:\Users\jep_edmundrulz\litigation-360-workspace\litigation-360-software\_operations\phase-10X-gui-replacement\backups\src_20260619_122638\utils","0","2","19/6/2026 12:26:39 PM"
"widgets","C:\Users\jep_edmundrulz\litigation-360-workspace\litigation-360-software\_operations\phase-10X-gui-replacement\backups\src_20260619_122638\widgets","0","0","19/6/2026 12:26:39 PM"
"api","C:\Users\jep_edmundrulz\litigation-360-workspace\litigation-360-software\_operations\phase-10X-gui-replacement\backups\src_20260619_122638\enterprise\api","0","2","19/6/2026 12:26:38 PM"
"components","C:\Users\jep_edmundrulz\litigation-360-workspace\litigation-360-software\_operations\phase-10X-gui-replacement\backups\src_20260619_122638\enterprise\components","0","2","19/6/2026 12:26:38 PM"
"pages","C:\Users\jep_edmundrulz\litigation-360-workspace\litigation-360-software\_operations\phase-10X-gui-replacement\backups\src_20260619_122638\enterprise\pages","0","2","19/6/2026 12:26:38 PM"
"backups","C:\Users\jep_edmundrulz\litigation-360-workspace\litigation-360-software\_operations\phase-10X0-deployment-readiness-baseline-audit\backups","0","0","19/6/2026 12:30:04 PM"
"docs","C:\Users\jep_edmundrulz\litigation-360-workspace\litigation-360-software\_operations\phase-10X0-deployment-readiness-baseline-audit\docs","0","1","19/6/2026 12:30:04 PM"
"logs","C:\Users\jep_edmundrulz\litigation-360-workspace\litigation-360-software\_operations\phase-10X0-deployment-readiness-baseline-audit\logs","0","0","19/6/2026 12:30:04 PM"
"registries","C:\Users\jep_edmundrulz\litigation-360-workspace\litigation-360-software\_operations\phase-10X0-deployment-readiness-baseline-audit\registries","0","7","19/6/2026 12:30:07 PM"
"reports","C:\Users\jep_edmundrulz\litigation-360-workspace\litigation-360-software\_operations\phase-10X0-deployment-readiness-baseline-audit\reports","0","3","19/6/2026 12:30:07 PM"
"validation","C:\Users\jep_edmundrulz\litigation-360-workspace\litigation-360-software\_operations\phase-10X0-deployment-readiness-baseline-audit\validation","0","1","19/6/2026 12:30:04 PM"
"backups","C:\Users\jep_edmundrulz\litigation-360-workspace\litigation-360-software\_operations\phase-10X1-deployment-readiness-centre\backups","0","1","19/6/2026 1:00:18 PM"
"dashboards","C:\Users\jep_edmundrulz\litigation-360-workspace\litigation-360-software\_operations\phase-10X1-deployment-readiness-centre\dashboards","0","1","19/6/2026 1:00:18 PM"
"docs","C:\Users\jep_edmundrulz\litigation-360-workspace\litigation-360-software\_operations\phase-10X1-deployment-readiness-centre\docs","0","1","19/6/2026 1:00:18 PM"
"logs","C:\Users\jep_edmundrulz\litigation-360-workspace\litigation-360-software\_operations\phase-10X1-deployment-readiness-centre\logs","0","0","19/6/2026 1:00:17 PM"
"reports","C:\Users\jep_edmundrulz\litigation-360-workspace\litigation-360-software\_operations\phase-10X1-deployment-readiness-centre\reports","0","1","19/6/2026 1:00:18 PM"
"validation","C:\Users\jep_edmundrulz\litigation-360-workspace\litigation-360-software\_operations\phase-10X1-deployment-readiness-centre\validation","0","1","19/6/2026 1:00:18 PM"
"backups","C:\Users\jep_edmundrulz\litigation-360-workspace\litigation-360-software\_operations\phase-10X2-environment-validation-engine\backups","0","1","19/6/2026 1:19:31 PM"
"dashboards","C:\Users\jep_edmundrulz\litigation-360-workspace\litigation-360-software\_operations\phase-10X2-environment-validation-engine\dashboards","0","1","19/6/2026 1:19:33 PM"
"docs","C:\Users\jep_edmundrulz\litigation-360-workspace\litigation-360-software\_operations\phase-10X2-environment-validation-engine\docs","0","1","19/6/2026 1:19:31 PM"
"logs","C:\Users\jep_edmundrulz\litigation-360-workspace\litigation-360-software\_operations\phase-10X2-environment-validation-engine\logs","0","0","19/6/2026 1:19:30 PM"
"reports","C:\Users\jep_edmundrulz\litigation-360-workspace\litigation-360-software\_operations\phase-10X2-environment-validation-engine\reports","0","1","19/6/2026 1:19:42 PM"
"validation","C:\Users\jep_edmundrulz\litigation-360-workspace\litigation-360-software\_operations\phase-10X2-environment-validation-engine\validation","0","1","19/6/2026 1:19:31 PM"
"backups","C:\Users\jep_edmundrulz\litigation-360-workspace\litigation-360-software\_operations\phase-10X3-release-validator\backups","0","1","19/6/2026 1:28:44 PM"
"docs","C:\Users\jep_edmundrulz\litigation-360-workspace\litigation-360-software\_operations\phase-10X3-release-validator\docs","0","1","19/6/2026 1:28:44 PM"
"logs","C:\Users\jep_edmundrulz\litigation-360-workspace\litigation-360-software\_operations\phase-10X3-release-validator\logs","0","0","19/6/2026 1:28:44 PM"
"release-candidates","C:\Users\jep_edmundrulz\litigation-360-workspace\litigation-360-software\_operations\phase-10X3-release-validator\release-candidates","0","2","19/6/2026 1:28:56 PM"
"reports","C:\Users\jep_edmundrulz\litigation-360-workspace\litigation-360-software\_operations\phase-10X3-release-validator\reports","0","1","19/6/2026 1:28:56 PM"
"validation","C:\Users\jep_edmundrulz\litigation-360-workspace\litigation-360-software\_operations\phase-10X3-release-validator\validation","0","1","19/6/2026 1:28:44 PM"
"backups","C:\Users\jep_edmundrulz\litigation-360-workspace\litigation-360-software\_operations\phase-10X3A-enterprise-architecture-registry\backups","0","0","19/6/2026 2:02:47 PM"
"logs","C:\Users\jep_edmundrulz\litigation-360-workspace\litigation-360-software\_operations\phase-10X3A-enterprise-architecture-registry\logs","0","0","19/6/2026 2:02:47 PM"
"reports","C:\Users\jep_edmundrulz\litigation-360-workspace\litigation-360-software\_operations\phase-10X3A-enterprise-architecture-registry\reports","0","2","19/6/2026 2:02:48 PM"
"validation","C:\Users\jep_edmundrulz\litigation-360-workspace\litigation-360-software\_operations\phase-10X3A-enterprise-architecture-registry\validation","0","1","19/6/2026 2:02:47 PM"
"backups","C:\Users\jep_edmundrulz\litigation-360-workspace\litigation-360-software\_operations\phase-10X4-deployment-scoring-engine\backups","0","1","19/6/2026 2:12:52 PM"
"dashboards","C:\Users\jep_edmundrulz\litigation-360-workspace\litigation-360-software\_operations\phase-10X4-deployment-scoring-engine\dashboards","0","1","19/6/2026 2:12:57 PM"
"docs","C:\Users\jep_edmundrulz\litigation-360-workspace\litigation-360-software\_operations\phase-10X4-deployment-scoring-engine\docs","0","4","19/6/2026 2:12:52 PM"
"logs","C:\Users\jep_edmundrulz\litigation-360-workspace\litigation-360-software\_operations\phase-10X4-deployment-scoring-engine\logs","0","0","19/6/2026 2:12:52 PM"
"reports","C:\Users\jep_edmundrulz\litigation-360-workspace\litigation-360-software\_operations\phase-10X4-deployment-scoring-engine\reports","0","1","19/6/2026 2:13:15 PM"
"trends","C:\Users\jep_edmundrulz\litigation-360-workspace\litigation-360-software\_operations\phase-10X4-deployment-scoring-engine\trends","0","53","19/6/2026 4:19:54 PM"
"validation","C:\Users\jep_edmundrulz\litigation-360-workspace\litigation-360-software\_operations\phase-10X4-deployment-scoring-engine\validation","0","1","19/6/2026 2:12:52 PM"
"backups","C:\Users\jep_edmundrulz\litigation-360-workspace\litigation-360-software\_operations\phase-10X5-executive-deployment-dashboard\backups","0","1","19/6/2026 2:35:15 PM"
"dashboards","C:\Users\jep_edmundrulz\litigation-360-workspace\litigation-360-software\_operations\phase-10X5-executive-deployment-dashboard\dashboards","0","1","19/6/2026 2:35:30 PM"
"docs","C:\Users\jep_edmundrulz\litigation-360-workspace\litigation-360-software\_operations\phase-10X5-executive-deployment-dashboard\docs","0","1","19/6/2026 2:35:15 PM"
"logs","C:\Users\jep_edmundrulz\litigation-360-workspace\litigation-360-software\_operations\phase-10X5-executive-deployment-dashboard\logs","0","0","19/6/2026 2:35:15 PM"
"reports","C:\Users\jep_edmundrulz\litigation-360-workspace\litigation-360-software\_operations\phase-10X5-executive-deployment-dashboard\reports","0","1","19/6/2026 2:36:01 PM"
"validation","C:\Users\jep_edmundrulz\litigation-360-workspace\litigation-360-software\_operations\phase-10X5-executive-deployment-dashboard\validation","0","1","19/6/2026 2:35:15 PM"
"backups","C:\Users\jep_edmundrulz\litigation-360-workspace\litigation-360-software\_operations\phase-10X6-deployment-gatekeeper\backups","0","1","19/6/2026 3:11:33 PM"
"decisions","C:\Users\jep_edmundrulz\litigation-360-workspace\litigation-360-software\_operations\phase-10X6-deployment-gatekeeper\decisions","0","2","19/6/2026 3:14:51 PM"
"docs","C:\Users\jep_edmundrulz\litigation-360-workspace\litigation-360-software\_operations\phase-10X6-deployment-gatekeeper\docs","0","5","19/6/2026 3:11:33 PM"
"logs","C:\Users\jep_edmundrulz\litigation-360-workspace\litigation-360-software\_operations\phase-10X6-deployment-gatekeeper\logs","0","0","19/6/2026 3:11:33 PM"
"reports","C:\Users\jep_edmundrulz\litigation-360-workspace\litigation-360-software\_operations\phase-10X6-deployment-gatekeeper\reports","0","2","19/6/2026 3:14:51 PM"
"validation","C:\Users\jep_edmundrulz\litigation-360-workspace\litigation-360-software\_operations\phase-10X6-deployment-gatekeeper\validation","0","1","19/6/2026 3:11:33 PM"
"backups","C:\Users\jep_edmundrulz\litigation-360-workspace\litigation-360-software\_operations\phase-10Y-gui-stabilisation\backups","1","0","19/6/2026 12:32:47 PM"
"docs","C:\Users\jep_edmundrulz\litigation-360-workspace\litigation-360-software\_operations\phase-10Y-gui-stabilisation\docs","0","1","19/6/2026 12:32:48 PM"
"logs","C:\Users\jep_edmundrulz\litigation-360-workspace\litigation-360-software\_operations\phase-10Y-gui-stabilisation\logs","0","1","19/6/2026 12:32:49 PM"
"reports","C:\Users\jep_edmundrulz\litigation-360-workspace\litigation-360-software\_operations\phase-10Y-gui-stabilisation\reports","0","1","19/6/2026 12:32:48 PM"
"src_20260619_123247","C:\Users\jep_edmundrulz\litigation-360-workspace\litigation-360-software\_operations\phase-10Y-gui-stabilisation\backups\src_20260619_123247","14","7","19/6/2026 12:32:48 PM"
"assets","C:\Users\jep_edmundrulz\litigation-360-workspace\litigation-360-software\_operations\phase-10Y-gui-stabilisation\backups\src_20260619_123247\assets","0","3","19/6/2026 12:32:47 PM"
"assistant","C:\Users\jep_edmundrulz\litigation-360-workspace\litigation-360-software\_operations\phase-10Y-gui-stabilisation\backups\src_20260619_123247\assistant","0","0","19/6/2026 12:32:47 PM"
"command-centre","C:\Users\jep_edmundrulz\litigation-360-workspace\litigation-360-software\_operations\phase-10Y-gui-stabilisation\backups\src_20260619_123247\command-centre","0","0","19/6/2026 12:32:47 PM"
"components","C:\Users\jep_edmundrulz\litigation-360-workspace\litigation-360-software\_operations\phase-10Y-gui-stabilisation\backups\src_20260619_123247\components","0","0","19/6/2026 12:32:47 PM"
"constants","C:\Users\jep_edmundrulz\litigation-360-workspace\litigation-360-software\_operations\phase-10Y-gui-stabilisation\backups\src_20260619_123247\constants","0","1","19/6/2026 12:32:47 PM"
"enterprise","C:\Users\jep_edmundrulz\litigation-360-workspace\litigation-360-software\_operations\phase-10Y-gui-stabilisation\backups\src_20260619_123247\enterprise","3","0","19/6/2026 12:32:47 PM"
"layout","C:\Users\jep_edmundrulz\litigation-360-workspace\litigation-360-software\_operations\phase-10Y-gui-stabilisation\backups\src_20260619_123247\layout","0","1","19/6/2026 12:32:47 PM"
"monitoring","C:\Users\jep_edmundrulz\litigation-360-workspace\litigation-360-software\_operations\phase-10Y-gui-stabilisation\backups\src_20260619_123247\monitoring","0","0","19/6/2026 12:32:47 PM"
"notifications","C:\Users\jep_edmundrulz\litigation-360-workspace\litigation-360-software\_operations\phase-10Y-gui-stabilisation\backups\src_20260619_123247\notifications","0","0","19/6/2026 12:32:47 PM"
"pages","C:\Users\jep_edmundrulz\litigation-360-workspace\litigation-360-software\_operations\phase-10Y-gui-stabilisation\backups\src_20260619_123247\pages","0","11","19/6/2026 12:32:48 PM"
"rules","C:\Users\jep_edmundrulz\litigation-360-workspace\litigation-360-software\_operations\phase-10Y-gui-stabilisation\backups\src_20260619_123247\rules","0","2","19/6/2026 12:32:48 PM"
"services","C:\Users\jep_edmundrulz\litigation-360-workspace\litigation-360-software\_operations\phase-10Y-gui-stabilisation\backups\src_20260619_123247\services","0","5","19/6/2026 12:32:48 PM"
"utils","C:\Users\jep_edmundrulz\litigation-360-workspace\litigation-360-software\_operations\phase-10Y-gui-stabilisation\backups\src_20260619_123247\utils","0","2","19/6/2026 12:32:48 PM"
"widgets","C:\Users\jep_edmundrulz\litigation-360-workspace\litigation-360-software\_operations\phase-10Y-gui-stabilisation\backups\src_20260619_123247\widgets","0","0","19/6/2026 12:32:48 PM"
"api","C:\Users\jep_edmundrulz\litigation-360-workspace\litigation-360-software\_operations\phase-10Y-gui-stabilisation\backups\src_20260619_123247\enterprise\api","0","2","19/6/2026 12:32:47 PM"
"components","C:\Users\jep_edmundrulz\litigation-360-workspace\litigation-360-software\_operations\phase-10Y-gui-stabilisation\backups\src_20260619_123247\enterprise\components","0","2","19/6/2026 12:32:47 PM"
"pages","C:\Users\jep_edmundrulz\litigation-360-workspace\litigation-360-software\_operations\phase-10Y-gui-stabilisation\backups\src_20260619_123247\enterprise\pages","0","2","19/6/2026 12:32:47 PM"
"backups","C:\Users\jep_edmundrulz\litigation-360-workspace\litigation-360-software\_operations\phase-10Y0-enterprise-master-registry-digital-twin\backups","0","0","19/6/2026 3:51:04 PM"
"docs","C:\Users\jep_edmundrulz\litigation-360-workspace\litigation-360-software\_operations\phase-10Y0-enterprise-master-registry-digital-twin\docs","0","9","19/6/2026 3:51:05 PM"
"graphs","C:\Users\jep_edmundrulz\litigation-360-workspace\litigation-360-software\_operations\phase-10Y0-enterprise-master-registry-digital-twin\graphs","0","4","19/6/2026 3:51:05 PM"
"impact-analysis","C:\Users\jep_edmundrulz\litigation-360-workspace\litigation-360-software\_operations\phase-10Y0-enterprise-master-registry-digital-twin\impact-analysis","0","1","19/6/2026 3:51:05 PM"
"logs","C:\Users\jep_edmundrulz\litigation-360-workspace\litigation-360-software\_operations\phase-10Y0-enterprise-master-registry-digital-twin\logs","0","0","19/6/2026 3:51:04 PM"
"registries","C:\Users\jep_edmundrulz\litigation-360-workspace\litigation-360-software\_operations\phase-10Y0-enterprise-master-registry-digital-twin\registries","0","12","19/6/2026 3:51:05 PM"
"reports","C:\Users\jep_edmundrulz\litigation-360-workspace\litigation-360-software\_operations\phase-10Y0-enterprise-master-registry-digital-twin\reports","0","2","19/6/2026 3:51:05 PM"
"technical-debt","C:\Users\jep_edmundrulz\litigation-360-workspace\litigation-360-software\_operations\phase-10Y0-enterprise-master-registry-digital-twin\technical-debt","0","1","19/6/2026 3:51:05 PM"
"twins","C:\Users\jep_edmundrulz\litigation-360-workspace\litigation-360-software\_operations\phase-10Y0-enterprise-master-registry-digital-twin\twins","0","1","19/6/2026 3:51:05 PM"
"validation","C:\Users\jep_edmundrulz\litigation-360-workspace\litigation-360-software\_operations\phase-10Y0-enterprise-master-registry-digital-twin\validation","0","1","19/6/2026 3:51:04 PM"
"docs","C:\Users\jep_edmundrulz\litigation-360-workspace\litigation-360-software\_operations\phase-10Z-final-gate-regression-audit\docs","0","1","19/6/2026 5:32:34 PM"
"logs","C:\Users\jep_edmundrulz\litigation-360-workspace\litigation-360-software\_operations\phase-10Z-final-gate-regression-audit\logs","0","0","19/6/2026 5:32:12 PM"
"reports","C:\Users\jep_edmundrulz\litigation-360-workspace\litigation-360-software\_operations\phase-10Z-final-gate-regression-audit\reports","0","3","19/6/2026 5:32:34 PM"
"validation","C:\Users\jep_edmundrulz\litigation-360-workspace\litigation-360-software\_operations\phase-10Z-final-gate-regression-audit\validation","0","0","19/6/2026 5:32:12 PM"
"backups","C:\Users\jep_edmundrulz\litigation-360-workspace\litigation-360-software\_operations\phase-10Z-gap-repair-10Z2-10Z3\backups","0","1","19/6/2026 5:52:22 PM"
"docs","C:\Users\jep_edmundrulz\litigation-360-workspace\litigation-360-software\_operations\phase-10Z-gap-repair-10Z2-10Z3\docs","0","0","19/6/2026 5:52:22 PM"
"logs","C:\Users\jep_edmundrulz\litigation-360-workspace\litigation-360-software\_operations\phase-10Z-gap-repair-10Z2-10Z3\logs","0","0","19/6/2026 5:52:22 PM"
"reports","C:\Users\jep_edmundrulz\litigation-360-workspace\litigation-360-software\_operations\phase-10Z-gap-repair-10Z2-10Z3\reports","0","1","19/6/2026 5:52:22 PM"
"validation","C:\Users\jep_edmundrulz\litigation-360-workspace\litigation-360-software\_operations\phase-10Z-gap-repair-10Z2-10Z3\validation","0","1","19/6/2026 5:52:22 PM"
"alerts","C:\Users\jep_edmundrulz\litigation-360-workspace\litigation-360-software\_operations\phase-10Z0-enterprise-operations-command-centre\alerts","0","1","19/6/2026 4:17:57 PM"
"backups","C:\Users\jep_edmundrulz\litigation-360-workspace\litigation-360-software\_operations\phase-10Z0-enterprise-operations-command-centre\backups","0","1","19/6/2026 4:16:48 PM"
"dashboards","C:\Users\jep_edmundrulz\litigation-360-workspace\litigation-360-software\_operations\phase-10Z0-enterprise-operations-command-centre\dashboards","0","1","19/6/2026 4:17:57 PM"
"docs","C:\Users\jep_edmundrulz\litigation-360-workspace\litigation-360-software\_operations\phase-10Z0-enterprise-operations-command-centre\docs","0","5","19/6/2026 4:16:48 PM"
"logs","C:\Users\jep_edmundrulz\litigation-360-workspace\litigation-360-software\_operations\phase-10Z0-enterprise-operations-command-centre\logs","0","0","19/6/2026 4:16:47 PM"
"reports","C:\Users\jep_edmundrulz\litigation-360-workspace\litigation-360-software\_operations\phase-10Z0-enterprise-operations-command-centre\reports","0","1","19/6/2026 4:19:59 PM"
"validation","C:\Users\jep_edmundrulz\litigation-360-workspace\litigation-360-software\_operations\phase-10Z0-enterprise-operations-command-centre\validation","0","1","19/6/2026 4:16:48 PM"
"alerts","C:\Users\jep_edmundrulz\litigation-360-workspace\litigation-360-software\_operations\phase-10Z1-alert-escalation-centre\alerts","0","1","19/6/2026 5:02:34 PM"
"backups","C:\Users\jep_edmundrulz\litigation-360-workspace\litigation-360-software\_operations\phase-10Z1-alert-escalation-centre\backups","2","0","19/6/2026 5:02:42 PM"
"dashboards","C:\Users\jep_edmundrulz\litigation-360-workspace\litigation-360-software\_operations\phase-10Z1-alert-escalation-centre\dashboards","0","1","19/6/2026 5:02:34 PM"
"docs","C:\Users\jep_edmundrulz\litigation-360-workspace\litigation-360-software\_operations\phase-10Z1-alert-escalation-centre\docs","0","10","19/6/2026 5:02:34 PM"
"escalations","C:\Users\jep_edmundrulz\litigation-360-workspace\litigation-360-software\_operations\phase-10Z1-alert-escalation-centre\escalations","0","1","19/6/2026 5:02:34 PM"
"logs","C:\Users\jep_edmundrulz\litigation-360-workspace\litigation-360-software\_operations\phase-10Z1-alert-escalation-centre\logs","0","0","19/6/2026 5:02:34 PM"
"notifications","C:\Users\jep_edmundrulz\litigation-360-workspace\litigation-360-software\_operations\phase-10Z1-alert-escalation-centre\notifications","0","1","19/6/2026 5:02:34 PM"
"reports","C:\Users\jep_edmundrulz\litigation-360-workspace\litigation-360-software\_operations\phase-10Z1-alert-escalation-centre\reports","0","2","19/6/2026 5:02:34 PM"
"validation","C:\Users\jep_edmundrulz\litigation-360-workspace\litigation-360-software\_operations\phase-10Z1-alert-escalation-centre\validation","0","2","19/6/2026 5:02:34 PM"
"20260619-170233","C:\Users\jep_edmundrulz\litigation-360-workspace\litigation-360-software\_operations\phase-10Z1-alert-escalation-centre\backups\20260619-170233","0","1","19/6/2026 5:02:34 PM"
"20260619-170242","C:\Users\jep_edmundrulz\litigation-360-workspace\litigation-360-software\_operations\phase-10Z1-alert-escalation-centre\backups\20260619-170242","0","7","19/6/2026 5:02:43 PM"
"analytics","C:\Users\jep_edmundrulz\litigation-360-workspace\litigation-360-software\_operations\phase-10Z2-enterprise-operations-analytics-centre\analytics","0","0","19/6/2026 5:04:47 PM"
"backups","C:\Users\jep_edmundrulz\litigation-360-workspace\litigation-360-software\_operations\phase-10Z2-enterprise-operations-analytics-centre\backups","0","1","19/6/2026 5:04:48 PM"
"dashboards","C:\Users\jep_edmundrulz\litigation-360-workspace\litigation-360-software\_operations\phase-10Z2-enterprise-operations-analytics-centre\dashboards","0","1","19/6/2026 5:04:48 PM"
"docs","C:\Users\jep_edmundrulz\litigation-360-workspace\litigation-360-software\_operations\phase-10Z2-enterprise-operations-analytics-centre\docs","0","10","19/6/2026 5:04:48 PM"
"exports","C:\Users\jep_edmundrulz\litigation-360-workspace\litigation-360-software\_operations\phase-10Z2-enterprise-operations-analytics-centre\exports","0","0","19/6/2026 5:04:48 PM"
"logs","C:\Users\jep_edmundrulz\litigation-360-workspace\litigation-360-software\_operations\phase-10Z2-enterprise-operations-analytics-centre\logs","0","0","19/6/2026 5:04:48 PM"
"metrics","C:\Users\jep_edmundrulz\litigation-360-workspace\litigation-360-software\_operations\phase-10Z2-enterprise-operations-analytics-centre\metrics","0","0","19/6/2026 5:04:47 PM"
"reports","C:\Users\jep_edmundrulz\litigation-360-workspace\litigation-360-software\_operations\phase-10Z2-enterprise-operations-analytics-centre\reports","0","1","19/6/2026 5:04:48 PM"
"snapshots","C:\Users\jep_edmundrulz\litigation-360-workspace\litigation-360-software\_operations\phase-10Z2-enterprise-operations-analytics-centre\snapshots","0","0","19/6/2026 5:04:48 PM"
"validation","C:\Users\jep_edmundrulz\litigation-360-workspace\litigation-360-software\_operations\phase-10Z2-enterprise-operations-analytics-centre\validation","0","1","19/6/2026 5:04:48 PM"
"analytics","C:\Users\jep_edmundrulz\litigation-360-workspace\litigation-360-software\_operations\phase-10Z3-predictive-intelligence-engine\analytics","0","0","19/6/2026 5:52:22 PM"
"backups","C:\Users\jep_edmundrulz\litigation-360-workspace\litigation-360-software\_operations\phase-10Z3-predictive-intelligence-engine\backups","0","0","19/6/2026 5:52:22 PM"
"court-forecasting","C:\Users\jep_edmundrulz\litigation-360-workspace\litigation-360-software\_operations\phase-10Z3-predictive-intelligence-engine\court-forecasting","0","0","19/6/2026 5:52:22 PM"
"dashboards","C:\Users\jep_edmundrulz\litigation-360-workspace\litigation-360-software\_operations\phase-10Z3-predictive-intelligence-engine\dashboards","0","1","19/6/2026 5:52:22 PM"
"deployment-forecasting","C:\Users\jep_edmundrulz\litigation-360-workspace\litigation-360-software\_operations\phase-10Z3-predictive-intelligence-engine\deployment-forecasting","0","0","19/6/2026 5:52:22 PM"
"docs","C:\Users\jep_edmundrulz\litigation-360-workspace\litigation-360-software\_operations\phase-10Z3-predictive-intelligence-engine\docs","0","11","19/6/2026 5:52:22 PM"
"logs","C:\Users\jep_edmundrulz\litigation-360-workspace\litigation-360-software\_operations\phase-10Z3-predictive-intelligence-engine\logs","0","0","19/6/2026 5:52:22 PM"
"performance-forecasting","C:\Users\jep_edmundrulz\litigation-360-workspace\litigation-360-software\_operations\phase-10Z3-predictive-intelligence-engine\performance-forecasting","0","0","19/6/2026 5:52:22 PM"
"predictions","C:\Users\jep_edmundrulz\litigation-360-workspace\litigation-360-software\_operations\phase-10Z3-predictive-intelligence-engine\predictions","0","0","19/6/2026 5:52:22 PM"
"reports","C:\Users\jep_edmundrulz\litigation-360-workspace\litigation-360-software\_operations\phase-10Z3-predictive-intelligence-engine\reports","0","0","19/6/2026 5:52:22 PM"
"risk-models","C:\Users\jep_edmundrulz\litigation-360-workspace\litigation-360-software\_operations\phase-10Z3-predictive-intelligence-engine\risk-models","0","0","19/6/2026 5:52:22 PM"
"trend-analysis","C:\Users\jep_edmundrulz\litigation-360-workspace\litigation-360-software\_operations\phase-10Z3-predictive-intelligence-engine\trend-analysis","0","0","19/6/2026 5:52:22 PM"
"validation","C:\Users\jep_edmundrulz\litigation-360-workspace\litigation-360-software\_operations\phase-10Z3-predictive-intelligence-engine\validation","0","0","19/6/2026 5:52:22 PM"
"analytics","C:\Users\jep_edmundrulz\litigation-360-workspace\litigation-360-software\_operations\phase-10Z4-autonomous-operations-supervisor\analytics","0","0","19/6/2026 5:18:11 PM"
"automation","C:\Users\jep_edmundrulz\litigation-360-workspace\litigation-360-software\_operations\phase-10Z4-autonomous-operations-supervisor\automation","0","0","19/6/2026 5:18:11 PM"
"backups","C:\Users\jep_edmundrulz\litigation-360-workspace\litigation-360-software\_operations\phase-10Z4-autonomous-operations-supervisor\backups","0","1","19/6/2026 5:18:11 PM"
"court-supervision","C:\Users\jep_edmundrulz\litigation-360-workspace\litigation-360-software\_operations\phase-10Z4-autonomous-operations-supervisor\court-supervision","0","0","19/6/2026 5:18:11 PM"
"dashboards","C:\Users\jep_edmundrulz\litigation-360-workspace\litigation-360-software\_operations\phase-10Z4-autonomous-operations-supervisor\dashboards","0","1","19/6/2026 5:18:12 PM"
"deployment-supervision","C:\Users\jep_edmundrulz\litigation-360-workspace\litigation-360-software\_operations\phase-10Z4-autonomous-operations-supervisor\deployment-supervision","0","0","19/6/2026 5:18:11 PM"
"docs","C:\Users\jep_edmundrulz\litigation-360-workspace\litigation-360-software\_operations\phase-10Z4-autonomous-operations-supervisor\docs","0","10","19/6/2026 5:18:12 PM"
"executive-escalation","C:\Users\jep_edmundrulz\litigation-360-workspace\litigation-360-software\_operations\phase-10Z4-autonomous-operations-supervisor\executive-escalation","0","0","19/6/2026 5:18:11 PM"
"logs","C:\Users\jep_edmundrulz\litigation-360-workspace\litigation-360-software\_operations\phase-10Z4-autonomous-operations-supervisor\logs","0","0","19/6/2026 5:18:11 PM"
"recovery","C:\Users\jep_edmundrulz\litigation-360-workspace\litigation-360-software\_operations\phase-10Z4-autonomous-operations-supervisor\recovery","0","0","19/6/2026 5:18:11 PM"
"remediation","C:\Users\jep_edmundrulz\litigation-360-workspace\litigation-360-software\_operations\phase-10Z4-autonomous-operations-supervisor\remediation","0","0","19/6/2026 5:18:11 PM"
"reports","C:\Users\jep_edmundrulz\litigation-360-workspace\litigation-360-software\_operations\phase-10Z4-autonomous-operations-supervisor\reports","0","1","19/6/2026 5:18:12 PM"
"supervision","C:\Users\jep_edmundrulz\litigation-360-workspace\litigation-360-software\_operations\phase-10Z4-autonomous-operations-supervisor\supervision","0","0","19/6/2026 5:18:11 PM"
"validation","C:\Users\jep_edmundrulz\litigation-360-workspace\litigation-360-software\_operations\phase-10Z4-autonomous-operations-supervisor\validation","0","1","19/6/2026 5:18:12 PM"
"watchdogs","C:\Users\jep_edmundrulz\litigation-360-workspace\litigation-360-software\_operations\phase-10Z4-autonomous-operations-supervisor\watchdogs","0","0","19/6/2026 5:18:11 PM"
"backups","C:\Users\jep_edmundrulz\litigation-360-workspace\litigation-360-software\_operations\phase-10ZE-frontend-wiring\backups","0","1","19/6/2026 3:06:19 PM"
"final-safe-replacement","C:\Users\jep_edmundrulz\litigation-360-workspace\litigation-360-software\_operations\phase-10ZE-frontend-wiring\final-safe-replacement","0","1","19/6/2026 3:45:11 PM"
"manual-review-backup","C:\Users\jep_edmundrulz\litigation-360-workspace\litigation-360-software\_operations\phase-10ZE-frontend-wiring\manual-review-backup","0","2","19/6/2026 3:38:48 PM"
"reports","C:\Users\jep_edmundrulz\litigation-360-workspace\litigation-360-software\_operations\phase-10ZE-frontend-wiring\reports","0","0","19/6/2026 3:06:19 PM"
"backups","C:\Users\jep_edmundrulz\litigation-360-workspace\litigation-360-software\_operations\phase-10ZF-navigation-module-menu\backups","0","2","19/6/2026 4:09:18 PM"
"reports","C:\Users\jep_edmundrulz\litigation-360-workspace\litigation-360-software\_operations\phase-10ZF-navigation-module-menu\reports","0","3","19/6/2026 4:50:31 PM"
"backups","C:\Users\jep_edmundrulz\litigation-360-workspace\litigation-360-software\_operations\phase-10ZG-dashboard-framework\backups","0","2","19/6/2026 5:06:31 PM"
"reports","C:\Users\jep_edmundrulz\litigation-360-workspace\litigation-360-software\_operations\phase-10ZG-dashboard-framework\reports","0","2","19/6/2026 5:39:47 PM"
"docs","C:\Users\jep_edmundrulz\litigation-360-workspace\litigation-360-software\_operations\phase-10ZY0-enterprise-discovery-inventory-audit\docs","0","0","19/6/2026 6:33:32 PM"
"inventory","C:\Users\jep_edmundrulz\litigation-360-workspace\litigation-360-software\_operations\phase-10ZY0-enterprise-discovery-inventory-audit\inventory","0","0","19/6/2026 6:33:32 PM"
"logs","C:\Users\jep_edmundrulz\litigation-360-workspace\litigation-360-software\_operations\phase-10ZY0-enterprise-discovery-inventory-audit\logs","0","0","19/6/2026 6:33:32 PM"
"reports","C:\Users\jep_edmundrulz\litigation-360-workspace\litigation-360-software\_operations\phase-10ZY0-enterprise-discovery-inventory-audit\reports","0","2","19/6/2026 6:33:58 PM"
"validation","C:\Users\jep_edmundrulz\litigation-360-workspace\litigation-360-software\_operations\phase-10ZY0-enterprise-discovery-inventory-audit\validation","0","0","19/6/2026 6:33:32 PM"
"docs","C:\Users\jep_edmundrulz\litigation-360-workspace\litigation-360-software\_operations\phase-10ZY1-enterprise-metadata-extraction-audit\docs","0","0","20/6/2026 6:55:53 AM"
"inventory","C:\Users\jep_edmundrulz\litigation-360-workspace\litigation-360-software\_operations\phase-10ZY1-enterprise-metadata-extraction-audit\inventory","0","7","20/6/2026 6:55:53 AM"
"logs","C:\Users\jep_edmundrulz\litigation-360-workspace\litigation-360-software\_operations\phase-10ZY1-enterprise-metadata-extraction-audit\logs","0","0","20/6/2026 6:55:53 AM"
"reports","C:\Users\jep_edmundrulz\litigation-360-workspace\litigation-360-software\_operations\phase-10ZY1-enterprise-metadata-extraction-audit\reports","0","0","20/6/2026 6:55:53 AM"
"validation","C:\Users\jep_edmundrulz\litigation-360-workspace\litigation-360-software\_operations\phase-10ZY1-enterprise-metadata-extraction-audit\validation","0","0","20/6/2026 6:55:53 AM"
"agents","C:\Users\jep_edmundrulz\litigation-360-workspace\litigation-360-software\_operations\phase-11-0-autonomous-legal-enterprise-ecosystem-foundation\agents","0","0","19/6/2026 5:25:39 PM"
"backups","C:\Users\jep_edmundrulz\litigation-360-workspace\litigation-360-software\_operations\phase-11-0-autonomous-legal-enterprise-ecosystem-foundation\backups","0","1","19/6/2026 5:25:40 PM"
"court-intelligence","C:\Users\jep_edmundrulz\litigation-360-workspace\litigation-360-software\_operations\phase-11-0-autonomous-legal-enterprise-ecosystem-foundation\court-intelligence","0","0","19/6/2026 5:25:39 PM"
"dashboards","C:\Users\jep_edmundrulz\litigation-360-workspace\litigation-360-software\_operations\phase-11-0-autonomous-legal-enterprise-ecosystem-foundation\dashboards","0","1","19/6/2026 5:25:40 PM"
"docs","C:\Users\jep_edmundrulz\litigation-360-workspace\litigation-360-software\_operations\phase-11-0-autonomous-legal-enterprise-ecosystem-foundation\docs","0","9","19/6/2026 5:25:40 PM"
"ecosystem","C:\Users\jep_edmundrulz\litigation-360-workspace\litigation-360-software\_operations\phase-11-0-autonomous-legal-enterprise-ecosystem-foundation\ecosystem","0","0","19/6/2026 5:25:39 PM"
"governance","C:\Users\jep_edmundrulz\litigation-360-workspace\litigation-360-software\_operations\phase-11-0-autonomous-legal-enterprise-ecosystem-foundation\governance","0","0","19/6/2026 5:25:39 PM"
"industrial-court","C:\Users\jep_edmundrulz\litigation-360-workspace\litigation-360-software\_operations\phase-11-0-autonomous-legal-enterprise-ecosystem-foundation\industrial-court","0","0","19/6/2026 5:25:39 PM"
"legal-intelligence","C:\Users\jep_edmundrulz\litigation-360-workspace\litigation-360-software\_operations\phase-11-0-autonomous-legal-enterprise-ecosystem-foundation\legal-intelligence","0","0","19/6/2026 5:25:39 PM"
"logs","C:\Users\jep_edmundrulz\litigation-360-workspace\litigation-360-software\_operations\phase-11-0-autonomous-legal-enterprise-ecosystem-foundation\logs","0","0","19/6/2026 5:25:39 PM"
"orchestration","C:\Users\jep_edmundrulz\litigation-360-workspace\litigation-360-software\_operations\phase-11-0-autonomous-legal-enterprise-ecosystem-foundation\orchestration","0","0","19/6/2026 5:25:39 PM"
"perkeso","C:\Users\jep_edmundrulz\litigation-360-workspace\litigation-360-software\_operations\phase-11-0-autonomous-legal-enterprise-ecosystem-foundation\perkeso","0","0","19/6/2026 5:25:39 PM"
"reports","C:\Users\jep_edmundrulz\litigation-360-workspace\litigation-360-software\_operations\phase-11-0-autonomous-legal-enterprise-ecosystem-foundation\reports","0","1","19/6/2026 5:25:40 PM"
"validation","C:\Users\jep_edmundrulz\litigation-360-workspace\litigation-360-software\_operations\phase-11-0-autonomous-legal-enterprise-ecosystem-foundation\validation","0","1","19/6/2026 5:25:40 PM"
